玉里野生動物保護區,2006,Miscanthus sinensis,芒
玉里野生動物保護區,2006,Juniperus formosana,刺柏
玉里野生動物保護區,2006,Lyonia ovalifolia,南燭
玉里野生動物保護區,2006,Lysimachia japonica,小茄
玉里野生動物保護區,2006,Neocheiropteris ensata,扇蕨
玉里野生動物保護區,2006,Carex brunnea,束草
玉里野生動物保護區,2006,Achyranthes bidentata,牛膝
玉里野生動物保護區,2006,Lycopodium obscurum,玉柏
玉里野生動物保護區,2006,Lepisorus thunbergianus,瓦葦
玉里野生動物保護區,2006,Vandenboschia auriculata,瓶蕨
玉里野生動物保護區,2006,Dendrobium moniliforme,石斛
玉里野生動物保護區,2006,Stauntonia obovatifoliola,石月
玉里野生動物保護區,2006,Lycopodium clavatum,石松
玉里野生動物保護區,2006,Photinia serratifolia,石楠
玉里野生動物保護區,2006,Pyrrosia lingua,石葦
玉里野生動物保護區,2006,Dennstaedtia scabra,碗蕨
玉里野生動物保護區,2006,Machilus thunbergii,紅楠
玉里野生動物保護區,2006,Chamaecyparis formosensis,紅檜
玉里野生動物保護區,2006,Festuca ovina,羊茅
玉里野生動物保護區,2006,Nephrolepis auriculata,腎蕨
玉里野生動物保護區,2006,Elaphoglossum yoshinagae,舌蕨
玉里野生動物保護區,2006,Sinopanax formosanus,華參
玉里野生動物保護區,2006,Urtica thunbergiana,蕁麻
玉里野生動物保護區,2006,Polygonum cuspidatum,虎杖
玉里野生動物保護區,2006,Cayratia japonica,虎葛
玉里野生動物保護區,2006,Diplopterygium glaucum,裏白
玉里野生動物保護區,2006,Quercus morii,赤柯
玉里野生動物保護區,2006,Piper kadsura,風藤
玉里野生動物保護區,2006,Juniperus squamata,香青
玉里野生動物保護區,2006,Deschampsia cespitosa var. festucifolia,髮草
玉里野生動物保護區,2006,Clematis grata,串鼻龍
玉里野生動物保護區,2006,Damnacanthus indicus,伏牛花
玉里野生動物保護區,2006,Lemmaphyllum microphyllum,伏石蕨
玉里野生動物保護區,2006,Prinsepia scandens,假皂莢
玉里野生動物保護區,2006,Sambucus chinensis,冇骨消
玉里野生動物保護區,2006,Ternstroemia gymnanthera,厚皮香
玉里野生動物保護區,2006,Tetradium ruticarpum,吳茱萸
玉里野生動物保護區,2006,Lycopodium complanatum,地刷子
玉里野生動物保護區,2006,Hydrocotyle sibthorpioides,天胡荽
玉里野生動物保護區,2006,Lepisorus obscurevenulosus,奧瓦葦
玉里野生動物保護區,2006,Peperomia reflexa,小椒草
玉里野生動物保護區,2006,Eriobotrya deflexa,山枇杷
玉里野生動物保護區,2006,Maesa japonica,山桂花
玉里野生動物保護區,2006,Peracarpa carnosa,山桔梗
玉里野生動物保護區,2006,Prunus campanulata,山櫻花
玉里野生動物保護區,2006,Pteridium aquilinum subsp. wightianum,巒大蕨
玉里野生動物保護區,2006,Lysimachia capillipes,排香草
玉里野生動物保護區,2006,Trochodendron aralioides,昆欄樹
玉里野生動物保護區,2006,Ophiopogon japonicus,書帶草
玉里野生動物保護區,2006,Vittaria flexuosa,書帶蕨
玉里野生動物保護區,2006,Peranema cyatheoides,柄囊蕨
玉里野生動物保護區,2006,Xiphopteris okuboi,梳葉蕨
玉里野生動物保護區,2006,Quercus sessilifolia,毽子櫟
玉里野生動物保護區,2006,Cheilotheca humilis,水晶蘭
玉里野生動物保護區,2006,Ellisiophyllum pinnatum,海螺菊
玉里野生動物保護區,2006,Cyclobalanopsis stenophylloides,狹葉櫟
玉里野生動物保護區,2006,Cirsium kawakamii,玉山薊
玉里野生動物保護區,2006,Vaccinium dunalianum var. caudatifolium,珍珠花
玉里野生動物保護區,2006,Ficus sarmentosa var. nipponica,珍珠蓮
玉里野生動物保護區,2006,Akebia trifoliata subsp. australis,白木通
玉里野生動物保護區,2006,Gaultheria cumingiana,白珠樹
玉里野生動物保護區,2006,Lysionotus pauciflorus,石吊蘭
玉里野生動物保護區,2006,Smilax glabra,禹餘糧
玉里野生動物保護區,2006,Monachosorum henryi,稀子蕨
玉里野生動物保護區,2006,Prosaptia contigua,穴子蕨
玉里野生動物保護區,2006,Carex filicina,紅鞘薹
玉里野生動物保護區,2006,Gynostemma pentaphyllum,絞股藍
玉里野生動物保護區,2006,Agrostis clavata,翦股穎
玉里野生動物保護區,2006,Arthromeris lehmannii,肢節蕨
玉里野生動物保護區,2006,Hemiphragma heterophyllum,腰只花
玉里野生動物保護區,2006,Taiwania cryptomerioides,臺灣杉
玉里野生動物保護區,2006,Viola diffusa,茶匙黃
玉里野生動物保護區,2006,Rubus croceacanthus,虎婆刺
玉里野生動物保護區,2006,Ophiorrhiza japonica,蛇根草
玉里野生動物保護區,2006,Salix fulvopubescens,褐毛柳
玉里野生動物保護區,2006,Rhododendron leptosanthum,西施花
玉里野生動物保護區,2006,Embelia lenticellata,賽山椒
玉里野生動物保護區,2006,Antrophyum obovatum,車前蕨
玉里野生動物保護區,2006,Rubia lanceolata,金劍草
玉里野生動物保護區,2006,Suzukia shikikunensis,鈴木草
玉里野生動物保護區,2006,Monotropa hypopitys,錫杖花
玉里野生動物保護區,2006,Asplenium trichomanes,鐵角蕨
玉里野生動物保護區,2006,Quercus spinosa,高山櫟
玉里野生動物保護區,2006,Artemisia oligocarpa,高山艾
玉里野生動物保護區,2006,Rubus lambertianus,高梁泡
玉里野生動物保護區,2006,Lepisorus kawakamii,鱗瓦葦
玉里野生動物保護區,2006,Goodyera velutina,鳥嘴蓮
玉里野生動物保護區,2006,Carpesium nepalense,黃金珠
玉里野生動物保護區,2006,Solidago virgaurea var. leiocarpa,一枝黃花
玉里野生動物保護區,2006,Perrottetia arisanensis,佩羅特木
玉里野生動物保護區,2006,Machilus japonica,假長葉楠
玉里野生動物保護區,2006,Selaginella delicatula,全緣卷柏
玉里野生動物保護區,2006,Vaccinium emarginatum,凹葉越橘
玉里野生動物保護區,2006,Rubus pectinellus,刺萼寒莓
玉里野生動物保護區,2006,Mahonia japonica,十大功勞
玉里野生動物保護區,2006,Rhododendron pachysanthum,南湖杜鵑
玉里野生動物保護區,2006,Eurya glaberrima,厚葉柃木
玉里野生動物保護區,2006,Ilex goshiensis,圓葉冬青
玉里野生動物保護區,2006,Prunus phaeosticta,墨點櫻桃
玉里野生動物保護區,2006,Viburnum urceolatum,壺花莢迷
玉里野生動物保護區,2006,Swertia macrosperma,大籽當藥
玉里野生動物保護區,2006,Asarum macranthum,大花細辛
玉里野生動物保護區,2006,Osmanthus matsumuranus,大葉木犀
玉里野生動物保護區,2006,Deutzia pulchra,大葉溲疏
玉里野生動物保護區,2006,Lithocarpus kawakamii,大葉石櫟
玉里野生動物保護區,2006,Cornopteris fluvialis,大葉貞蕨
玉里野生動物保護區,2006,Vittaria anguste-elongata,姬書帶蕨
玉里野生動物保護區,2006,Athyrium subrigescens,姬蹄蓋蕨
玉里野生動物保護區,2006,Selaginella involvens,密葉卷柏
玉里野生動物保護區,2006,Crepidomanes schmidtianum var. latifrons,寬葉瓶蕨
玉里野生動物保護區,2006,Polystichum deltodon,對生耳蕨
玉里野生動物保護區,2006,Ligustrum sinense,小實女貞
玉里野生動物保護區,2006,Symplocos modesta,小葉白筆
玉里野生動物保護區,2006,Viola senzanensis,尖山堇菜
玉里野生動物保護區,2006,Polystichum parvipinnulum,尖葉耳蕨
玉里野生動物保護區,2006,Pteris deltodon,岩鳳尾蕨
玉里野生動物保護區,2006,Callicarpa randaiensis,巒大紫珠
玉里野生動物保護區,2006,Prunus buergeriana,布氏稠李
玉里野生動物保護區,2006,Smilax bockii,平柄菝葜
玉里野生動物保護區,2006,Crypsinus engleri,恩氏茀蕨
玉里野生動物保護區,2006,Pteris dactylina,掌鳳尾蕨
玉里野生動物保護區,2006,Lepisorus monilisorus,擬笈瓦葦
玉里野生動物保護區,2006,Dryopsis × fauriei,擬鱗毛蕨
玉里野生動物保護區,2006,Ligustrum liukiuense,日本女貞
玉里野生動物保護區,2006,Deschampsia flexuosa,曲芒髮草
玉里野生動物保護區,2006,Viburnum betulifolium,樺葉莢迷
玉里野生動物保護區,2006,Microsorum buergerianum,波氏星蕨
玉里野生動物保護區,2006,Bolbitis subcordata,海南實蕨
玉里野生動物保護區,2006,Clerodendrum trichotomum,海州常山
玉里野生動物保護區,2006,Polygonum chinense,火炭母草
玉里野生動物保護區,2006,Viburnum foetidum var. rectangulatum,狹葉莢迷
玉里野生動物保護區,2006,Selaginella labordei,玉山卷柏
玉里野生動物保護區,2006,Ligustrum morrisonense,玉山女貞
玉里野生動物保護區,2006,Rhododendron pseudochrysanthum,玉山杜鵑
玉里野生動物保護區,2006,Symplocos morrisonicola,玉山灰木
玉里野生動物保護區,2006,Lepisorus morrisonensis,玉山瓦葦
玉里野生動物保護區,2006,Dianthus pygmaeus,玉山石竹
玉里野生動物保護區,2006,Yushania niitakayamensis,玉山箭竹
玉里野生動物保護區,2006,Crypsinus quasidivaricatus,玉山茀蕨
玉里野生動物保護區,2006,Pimpinella niitakayamensis,玉山茴香
玉里野生動物保護區,2006,Smilax vaginata,玉山菝葜
玉里野生動物保護區,2006,Trichophorum subcapitatum,玉山針藺
玉里野生動物保護區,2006,Gentiana scabrida,玉山龍膽
玉里野生動物保護區,2006,Selaginella moellendorffii,異葉卷柏
玉里野生動物保護區,2006,Osmanthus heterophyllus,異葉木犀
玉里野生動物保護區,2006,Pittosporum illicioides,疏果海桐
玉里野生動物保護區,2006,Selaginella remotifolia,疏葉卷柏
玉里野生動物保護區,2006,Asarum albomaculatum,白斑細辛
玉里野生動物保護區,2006,Illicium anisatum,白花八角
玉里野生動物保護區,2006,Rhomboda tokioi,白點伴蘭
玉里野生動物保護區,2006,Pyrrosia sheareri,盧山石葦
玉里野生動物保護區,2006,Berberis mingetsensis,眠月小檗
玉里野生動物保護區,2006,Huperzia fordii,福氏石松
玉里野生動物保護區,2006,Balanophora laxiflora,穗花蛇菰
玉里野生動物保護區,2006,Rhododendron rubropilosum,紅毛杜鵑
玉里野生動物保護區,2006,Eurya loquaiana,細枝柃木
玉里野生動物保護區,2006,Trachelospermum gracilipes,細梗絡石
玉里野生動物保護區,2006,Smilax elongatoumbellata,細葉菝葜
玉里野生動物保護區,2006,Mecodium polyanthos,細葉蕗蕨
玉里野生動物保護區,2006,Polystichum acutidens,臺東耳蕨
玉里野生動物保護區,2006,Viburnum taitoense,臺東莢迷
玉里野生動物保護區,2006,Abies kawakamii,臺灣冷杉
玉里野生動物保護區,2006,Loxogramme formosana,臺灣劍蕨
玉里野生動物保護區,2006,Berberis kawakamii,臺灣小檗
玉里野生動物保護區,2006,Lysimachia ardisioides,臺灣排香
玉里野生動物保護區,2006,Rhododendron formosanum,臺灣杜鵑
玉里野生動物保護區,2006,Gastrochilus formosanus,臺灣松蘭
玉里野生動物保護區,2006,Dendropanax dentiger,臺灣樹參
玉里野生動物保護區,2006,Achyranthes aspera var. rubrofusca,臺灣牛膝
玉里野生動物保護區,2006,Daphne arisanensis,臺灣瑞香
玉里野生動物保護區,2006,Huperzia taiwanense,臺灣石松
玉里野生動物保護區,2006,Cephalotaxus wilsoniana,臺灣粗榧
玉里野生動物保護區,2006,Trachelospermum formosanum,臺灣絡石
玉里野生動物保護區,2006,Cinnamomum insularimontanum,臺灣肉桂
玉里野生動物保護區,2006,Fragaria hayatae,臺灣草莓
玉里野生動物保護區,2006,Urtica taiwaniana,臺灣蕁麻
玉里野生動物保護區,2006,Veratrum formosanum,臺灣藜蘆
玉里野生動物保護區,2006,Rhus ambigua,臺灣藤漆
玉里野生動物保護區,2006,Alnus formosana,臺灣赤楊
玉里野生動物保護區,2006,Tsuga chinensis var. formosana,臺灣鐵杉
玉里野生動物保護區,2006,Picea morrisonicola,臺灣雲杉
玉里野生動物保護區,2006,Pseudotsuga wilsoniana,臺灣黃杉
玉里野生動物保護區,2006,Gentiana davidii var. formosana,臺灣龍膽
玉里野生動物保護區,2006,Aeschynanthus acuminatus,芒毛苣苔
玉里野生動物保護區,2006,Crepidomanes birmanicum,華東瓶蕨
玉里野生動物保護區,2006,Hymenophyllum barbatum,華東膜蕨
玉里野生動物保護區,2006,Diplazium chinense,華雙蓋蕨
玉里野生動物保護區,2006,Coniogramme intermedia,華鳳ㄚ蕨
玉里野生動物保護區,2006,Rhododendron kawakamii,著生杜鵑
玉里野生動物保護區,2006,Eurya leptophylla,薄葉柃木
玉里野生動物保護區,2006,Elaeagnus glabra,藤胡頹子
玉里野生動物保護區,2006,Strobilanthes rankanensis,蘭崁馬藍
玉里野生動物保護區,2006,Epigeneium nakaharae,蠟著頦蘭
玉里野生動物保護區,2006,Pellionia radicans,赤車使者
玉里野生動物保護區,2006,Eria japonica,連珠絨蘭
玉里野生動物保護區,2006,Elaphoglossum callifolium,銳頭舌蕨
玉里野生動物保護區,2006,Loxogramme remotefrondigera,長柄劍蕨
玉里野生動物保護區,2006,Ilex yunnanensis var. parvifolia,雲南冬青
玉里野生動物保護區,2006,Polystichum hancockii,韓氏耳蕨
玉里野生動物保護區,2006,Ainsliaea fragrans,香鬼督郵
玉里野生動物保護區,2006,Polystichum tsus-simense,馬祖耳蕨
玉里野生動物保護區,2006,Berberis brevisepala,高山小檗
玉里野生動物保護區,2006,Swertia tozanensis,高山當藥
玉里野生動物保護區,2006,Viburnum propinquum,高山莢迷
玉里野生動物保護區,2006,Rosa transmorrisonensis,高山薔薇
玉里野生動物保護區,2006,Vaccinium merrillianum,高山越橘
玉里野生動物保護區,2006,Rubus wallichianus,鬼懸鉤子
玉里野生動物保護區,2006,Paris polyphylla,七葉一枝花
玉里野生動物保護區,2006,Arenaria subpilosa,亞毛無心菜
玉里野生動物保護區,2006,Galium echinocarpum,刺果豬殃殃
玉里野生動物保護區,2006,Diplazium virescens,刺柄雙蓋蕨
玉里野生動物保護區,2006,Asplenium excisum,剪葉鐵角蕨
玉里野生動物保護區,2006,Asplenium ensiforme,劍葉鐵角蕨
玉里野生動物保護區,2006,Taxus sumatrana,南洋紅豆杉
玉里野生動物保護區,2006,Listera nankomontana,南湖雙葉蘭
玉里野生動物保護區,2006,Dryopteris lepidopoda,厚葉鱗毛蕨
玉里野生動物保護區,2006,Calanthe puberula,反捲根節蘭
玉里野生動物保護區,2006,Asplenium unilaterale,單邊鐵角蕨
玉里野生動物保護區,2006,Crepidomanes bilabiatum,圓唇假脈蕨
玉里野生動物保護區,2006,Pilea rotundinucula,圓果冷水麻
玉里野生動物保護區,2006,Shortia rotundifolia var. subcordata,圓葉裂緣花
玉里野生動物保護區,2006,Galium formosense,圓葉豬殃殃
玉里野生動物保護區,2006,Schizophragma integrifolium var. fauriei,圓葉鑽地風
玉里野生動物保護區,2006,Acrophorus macrocarpus,大孢魚鱗蕨
玉里野生動物保護區,2006,Hydrangea integrifolia,大枝掛繡球
玉里野生動物保護區,2006,Ilex sugerokii var. brevipedunculata,太平山冬青
玉里野生動物保護區,2006,Cleyera japonica var. taipinensis,太平紅淡比
玉里野生動物保護區,2006,Asplenium wilfordii,威氏鐵角蕨
玉里野生動物保護區,2006,Carex formosensis,寶島宿柱薹
玉里野生動物保護區,2006,Anaphalis nepalensis,尼泊爾籟簫
玉里野生動物保護區,2006,Diplazium doederleinii,德氏雙蓋蕨
玉里野生動物保護區,2006,Elaeagnus grandifolia,慈恩胡頹子
玉里野生動物保護區,2006,Athyrium unifurcatum,擬大蹄蓋蕨
玉里野生動物保護區,2006,Symplocos migoi,擬日本灰木
玉里野生動物保護區,2006,Pyrola alboreticulata,斑紋鹿蹄草
玉里野生動物保護區,2006,Thelypteris esquirolii,斜葉金星蕨
玉里野生動物保護區,2006,Chimaphila japonica,日本愛冬葉
玉里野生動物保護區,2006,Onychium japonicum,日本金粉蕨
玉里野生動物保護區,2006,Listera japonica,日本雙葉蘭
玉里野生動物保護區,2006,Taxillus rhododendricolus,杜鵑桑寄生
玉里野生動物保護區,2006,Arisaema thunbergii subsp. autumnale,東台天南星
玉里野生動物保護區,2006,Viburnum erosum,松田氏莢迷
玉里野生動物保護區,2006,Symplocos stellaris,枇杷葉灰木
玉里野生動物保護區,2006,Rubus kawakamii,桑葉懸鉤子
玉里野生動物保護區,2006,Dryopteris atrata,桫欏鱗毛蕨
玉里野生動物保護區,2006,Rubus fraxinifoliolus,梣葉懸鉤子
玉里野生動物保護區,2006,Galium morii,森氏豬殃殃
玉里野生動物保護區,2006,Viscum articulatum,椆櫟柿寄生
玉里野生動物保護區,2006,Rubus pungens var. oldhamii,毛刺懸鉤子
玉里野生動物保護區,2006,Balanophora wrightii,海桐生蛇菰
玉里野生動物保護區,2006,Dryopteris hypophlebia,深山鱗毛蕨
玉里野生動物保護區,2006,Thelypteris uraiensis,烏來金星蕨
玉里野生動物保護區,2006,Damnacanthus angustifolius,無刺伏牛花
玉里野生動物保護區,2006,Hydrangea angustipetala,狹瓣八仙花
玉里野生動物保護區,2006,Cyrtomium hookerianum,狹葉貫眾蕨
玉里野生動物保護區,2006,Euphrasia transmorrisonensis,玉山小米草
玉里野生動物保護區,2006,Litsea morrisonensis,玉山木薑子
玉里野生動物保護區,2006,Picris hieracioides subsp. morrisonensis,玉山毛連菜
玉里野生動物保護區,2006,Veronica morrisonicola,玉山水苦賈
玉里野生動物保護區,2006,Ardisia cornudentata subsp. morrisonensis,玉山紫金牛
玉里野生動物保護區,2006,Spiraea morrisonicola,玉山繡線菊
玉里野生動物保護區,2006,Agrostis infirma,玉山翦股穎
玉里野生動物保護區,2006,Tripterospermum lanceolatum,玉山肺形草
玉里野生動物保護區,2006,Hypericum nagasawae,玉山金絲桃
玉里野生動物保護區,2006,Rubus yuliensis,玉里懸鉤子
玉里野生動物保護區,2006,Dryopteris wallichiana,瓦氏鱗毛蕨
玉里野生動物保護區,2006,Woodwardia unigemmata,生芽狗脊蕨
玉里野生動物保護區,2006,Asplenium normale,生芽鐵角蕨
玉里野生動物保護區,2006,Rhamnus pilushanensis,畢祿山鼠李
玉里野生動物保護區,2006,Lithocarpus harlandii,短尾葉石櫟
玉里野生動物保護區,2006,Arisaema taiwanense var. brevipedunculatum,短梗天南星
玉里野生動物保護區,2006,Carex breviculmis,短莖宿柱薹
玉里野生動物保護區,2006,Pilea aquarum subsp. brevicornuta,短角冷水麻
玉里野生動物保護區,2006,Microtropis fokienensis,福建賽衛矛
玉里野生動物保護區,2006,Bulbophyllum insulsum,穗花捲瓣蘭
玉里野生動物保護區,2006,Polypodium argutum,箭葉水龍骨
玉里野生動物保護區,2006,Sedum erythrospermum,紅子佛甲草
玉里野生動物保護區,2006,Pteris scabristipes,紅柄鳳尾蕨
玉里野生動物保護區,2006,Impatiens uniflora,紫花鳳仙花
玉里野生動物保護區,2006,Cyrtomium caryotideum,細齒貫眾蕨
玉里野生動物保護區,2006,Elatostema parvum,絨莖樓梯草
玉里野生動物保護區,2006,Sunipia andersonii,綠花寶石蘭
玉里野生動物保護區,2006,Plagiogyria stenoptera,耳形瘤足蕨
玉里野生動物保護區,2006,Sarcopyramis napalensis var. bodinieri,肉穗野牡丹
玉里野生動物保護區,2006,Pinus taiwanensis,臺灣二葉松
玉里野生動物保護區,2006,Pinus morrisonicola,臺灣五葉松
玉里野生動物保護區,2006,Acystopteris taiwaniana,臺灣亮毛蕨
玉里野生動物保護區,2006,Mitella formosana,臺灣嗩吶草
玉里野生動物保護區,2006,Smilax lanceifolia,臺灣土茯苓
玉里野生動物保護區,2006,Luzula taiwaniana,臺灣地楊梅
玉里野生動物保護區,2006,Arisaema formosanum,臺灣天南星
玉里野生動物保護區,2006,Tetrastigma umbellatum,臺灣崖爬藤
玉里野生動物保護區,2006,Hedera rhombea var. formosana,臺灣常春藤
玉里野生動物保護區,2006,Rubus formosensis,臺灣懸鉤子
玉里野生動物保護區,2006,Acer palmatum var. pubescens,臺灣掌葉槭
玉里野生動物保護區,2006,Elatostema herbaceifolium,臺灣樓梯草
玉里野生動物保護區,2006,Polypodium formosanum,臺灣水龍骨
玉里野生動物保護區,2006,Plagiogyria formosana,臺灣瘤足蕨
玉里野生動物保護區,2006,Prosaptia urceolaris,臺灣穴子蕨
玉里野生動物保護區,2006,Acer morrisonense,臺灣紅榨槭
玉里野生動物保護區,2006,Spiraea formosana,臺灣繡線菊
玉里野生動物保護區,2006,Tripterospermum taiwanense,臺灣肺形草
玉里野生動物保護區,2006,Pinus armandii var. mastersiana,臺灣華山松
玉里野生動物保護區,2006,Helwingia japonica subsp. taiwaniana,臺灣青莢葉
玉里野生動物保護區,2006,Pieris taiwanensis,臺灣馬醉木
玉里野生動物保護區,2006,Ainsliaea latifolia subsp. henryi,臺灣鬼督郵
玉里野生動物保護區,2006,Dryopteris formosana,臺灣鱗毛蕨
玉里野生動物保護區,2006,Schefflera taiwaniana,臺灣鵝掌柴
玉里野生動物保護區,2006,Goodyera kwangtungensis,花格斑葉蘭
玉里野生動物保護區,2006,Plagiogyria euphlebia,華中瘤足蕨
玉里野生動物保護區,2006,Viburnum arboricolum,著生珊瑚樹
玉里野生動物保護區,2006,Daphniphyllum himalayense subsp. macropodum,薄葉虎皮楠
玉里野生動物保護區,2006,Carpinus rankanensis,蘭邯千金榆
玉里野生動物保護區,2006,Elatostema trilobulatum,裂葉樓梯草
玉里野生動物保護區,2006,Asplenium filipes,複齒鐵角蕨
玉里野生動物保護區,2006,Crepidomanes palmifolium,變葉假脈蕨
玉里野生動物保護區,2006,Rubus corchorifolius,變葉懸鉤子
玉里野生動物保護區,2006,Veronica oligosperma,貧子水苦賈
玉里野生動物保護區,2006,Athyrium reflexipinnum,逆葉蹄蓋蕨
玉里野生動物保護區,2006,Dryopteris reflexosquamata,逆鱗鱗毛蕨
玉里野生動物保護區,2006,Quercus tatakaensis,銳葉高山櫟
玉里野生動物保護區,2006,Polystichum hecatopterum,鋸齒葉耳蕨
玉里野生動物保護區,2006,Diplazium wichurae,鋸齒雙蓋蕨
玉里野生動物保護區,2006,Huperzia serrata var. longipetiolata,長柄千層塔
玉里野生動物保護區,2006,Lecanthus peduncularis,長梗盤花麻
玉里野生動物保護區,2006,Litsea acuminata,長葉木薑子
玉里野生動物保護區,2006,Calanthe davidii,長葉根節蘭
玉里野生動物保護區,2006,Dryopteris sparsa,長葉鱗毛蕨
玉里野生動物保護區,2006,Arisaema consanguineum,長行天南星
玉里野生動物保護區,2006,Ophiopogon intermedius,間型沿階草
玉里野生動物保護區,2006,Elatostema platyphylloides,闊葉樓梯草
玉里野生動物保護區,2006,Lonicera acuminata,阿里山忍冬
玉里野生動物保護區,2006,Symplocos arisanensis,阿里山灰木
玉里野生動物保護區,2006,Stellaria arisanensis,阿里山繁縷
玉里野生動物保護區,2006,Elaphoglossum conforme,阿里山舌蕨
玉里野生動物保護區,2006,Skimmia arisanensis,阿里山茵芋
玉里野生動物保護區,2006,Smilax arisanensis,阿里山菝葜
玉里野生動物保護區,2006,Gentiana arisanensis,阿里山龍膽
玉里野生動物保護區,2006,Litsea elongata var. mushaensis,霧社木薑子
玉里野生動物保護區,2006,Ctenitis apiciflora,頂囊肋毛蕨
玉里野生動物保護區,2006,Ponerorchis takasago-montana,高山小蝶蘭
玉里野生動物保護區,2006,Rubus rolfei,高山懸鉤子
玉里野生動物保護區,2006,Gaultheria itoana,高山白珠樹
玉里野生動物保護區,2006,Platanthera sachalinensis,高山粉蝶蘭
玉里野生動物保護區,2006,Onychium contiguum,高山金粉蕨
玉里野生動物保護區,2006,Coniogramme procera,高山鳳ㄚ蕨
玉里野生動物保護區,2006,Oberonia caulescens,二裂唇莪白蘭
玉里野生動物保護區,2006,Clematis henryi,亨利氏鐵線蓮
玉里野生動物保護區,2006,Diplazium kawakamii,川上氏雙蓋蕨
玉里野生動物保護區,2006,Lepisorus pseudoussuriensis,擬烏蘇里瓦葦
玉里野生動物保護區,2006,Arachniodes rhomboidea,斜方複葉耳蕨
玉里野生動物保護區,2006,Parathelypteris castanea,栗柄副金星蕨
玉里野生動物保護區,2006,Smilax riparia,烏蘇里山馬薯
玉里野生動物保護區,2006,Cotoneaster morrisonensis,玉山舖地蜈蚣
玉里野生動物保護區,2006,Arachniodes aristata,細葉複葉耳蕨
玉里野生動物保護區,2006,Parathelypteris beddomei,縮羽副金星蕨
玉里野生動物保護區,2006,Fatsia polycarpa,臺灣八角金盤
玉里野生動物保護區,2006,Hemiboea bicornuta,臺灣半蒴苣苔
玉里野生動物保護區,2006,Araiostegia parvipinnula,臺灣小膜蓋蕨
玉里野生動物保護區,2006,Oxalis acetosella subsp. griffithii,臺灣山酢漿草
玉里野生動物保護區,2006,Aletris formosana,臺灣粉條兒菜
玉里野生動物保護區,2006,Pourthiaea beauverdiana var. notabilis,臺灣老葉兒樹
玉里野生動物保護區,2006,Ophioglossum petiolatum,鈍頭瓶爾小草
玉里野生動物保護區,2006,Schisandra arisanensis,阿里山五味子
玉里野生動物保護區,2006,Carpinus kawakamii,阿里山千金榆
玉里野生動物保護區,2006,Hydrocotyle setulosa,阿里山天胡荽
玉里野生動物保護區,2006,Polypodium amoenum,阿里山水龍骨
玉里野生動物保護區,2006,Oberonia arisanensis,阿里山莪白蘭
玉里野生動物保護區,2006,Astilbe macroflora,阿里山落新婦
玉里野生動物保護區,2006,Athyrium arisanense,阿里山蹄蓋蕨
玉里野生動物保護區,2006,Ainsliaea macroclinidioides,阿里山鬼督郵
玉里野生動物保護區,2006,Neolitsea acuminatissima,高山新木薑子
玉里野生動物保護區,2006,Nertera nigricarpa,黑果深柱夢草
玉里野生動物保護區,2006,Astragalus nankotaizanensis,南湖大山紫雲英
玉里野生動物保護區,2006,Sarcopyramis napalensis var. delicata,東方肉穗野牡丹
玉里野生動物保護區,2006,Paris polyphylla var. taitungensis,臺東七葉一枝花
玉里野生動物保護區,2006,Salvia formosana,臺灣紫花鼠尾草
玉里野生動物保護區,2006,Arachniodes festina,臺灣兩面複葉耳蕨
櫻花鉤吻鮭野生動物保護區,2005,Miscanthus sinensis,芒
櫻花鉤吻鮭野生動物保護區,2005,Cystopteris fragilis,冷蕨
櫻花鉤吻鮭野生動物保護區,2005,Juniperus formosana,刺柏
櫻花鉤吻鮭野生動物保護區,2005,Lyonia ovalifolia,南燭
櫻花鉤吻鮭野生動物保護區,2005,Carex brunnea,束草
櫻花鉤吻鮭野生動物保護區,2005,Myriactis humilis,矮菊
櫻花鉤吻鮭野生動物保護區,2005,Lycopodium clavatum,石松
櫻花鉤吻鮭野生動物保護區,2005,Juniperus squamata,香青
櫻花鉤吻鮭野生動物保護區,2005,Senecio nemorensis var. dentatus,黃菀
櫻花鉤吻鮭野生動物保護區,2005,Boschniakia himalaica,丁座草
櫻花鉤吻鮭野生動物保護區,2005,Miscanthus floridulus,五節芒
櫻花鉤吻鮭野生動物保護區,2005,Rosa taiwanensis,小金櫻
櫻花鉤吻鮭野生動物保護區,2005,Vitex quinata,山埔姜
櫻花鉤吻鮭野生動物保護區,2005,Chaerophyllum involucratum,山薰香
櫻花鉤吻鮭野生動物保護區,2005,Parnassia palustris,梅花草
櫻花鉤吻鮭野生動物保護區,2005,Ellisiophyllum pinnatum,海螺菊
櫻花鉤吻鮭野生動物保護區,2005,Juncus effusus var. decipiens,燈心草
櫻花鉤吻鮭野生動物保護區,2005,Cirsium kawakamii,玉山薊
櫻花鉤吻鮭野生動物保護區,2005,Polygala japonica,瓜子金
櫻花鉤吻鮭野生動物保護區,2005,Festuca rubra,紫羊茅
櫻花鉤吻鮭野生動物保護區,2005,Hemiphragma heterophyllum,腰只花
櫻花鉤吻鮭野生動物保護區,2005,Sonchus oleraceus,苦滇菜
櫻花鉤吻鮭野生動物保護區,2005,Senecio scandens,蔓黃菀
櫻花鉤吻鮭野生動物保護區,2005,Rubus croceacanthus,虎婆刺
櫻花鉤吻鮭野生動物保護區,2005,Salix fulvopubescens,褐毛柳
櫻花鉤吻鮭野生動物保護區,2005,Hypochaeris radicata,貓兒菊
櫻花鉤吻鮭野生動物保護區,2005,Quercus spinosa,高山櫟
櫻花鉤吻鮭野生動物保護區,2005,Artemisia oligocarpa,高山艾
櫻花鉤吻鮭野生動物保護區,2005,Polygonum filicaule,高山蓼
櫻花鉤吻鮭野生動物保護區,2005,Solidago virgaurea var. leiocarpa,一枝黃花
櫻花鉤吻鮭野生動物保護區,2005,Viola adenothrix,喜岩堇菜
櫻花鉤吻鮭野生動物保護區,2005,Swertia macrosperma,大籽當藥
櫻花鉤吻鮭野生動物保護區,2005,Viola senzanensis,尖山堇菜
櫻花鉤吻鮭野生動物保護區,2005,Sorbus randaiensis,巒大花楸
櫻花鉤吻鮭野生動物保護區,2005,Deschampsia flexuosa,曲芒髮草
櫻花鉤吻鮭野生動物保護區,2005,Viburnum betulifolium,樺葉莢迷
櫻花鉤吻鮭野生動物保護區,2005,Polygonum chinense,火炭母草
櫻花鉤吻鮭野生動物保護區,2005,Cerastium trigynum var. morrisonense,玉山卷耳
櫻花鉤吻鮭野生動物保護區,2005,Berberis morrisonensis,玉山小檗
櫻花鉤吻鮭野生動物保護區,2005,Rhododendron pseudochrysanthum,玉山杜鵑
櫻花鉤吻鮭野生動物保護區,2005,Primula miyabeana,玉山櫻草
櫻花鉤吻鮭野生動物保護區,2005,Adenophora morrisonensis,玉山沙參
櫻花鉤吻鮭野生動物保護區,2005,Angelica morrisonicola,玉山當歸
櫻花鉤吻鮭野生動物保護區,2005,Lycopodium veitchii,玉山石松
櫻花鉤吻鮭野生動物保護區,2005,Dianthus pygmaeus,玉山石竹
櫻花鉤吻鮭野生動物保護區,2005,Yushania niitakayamensis,玉山箭竹
櫻花鉤吻鮭野生動物保護區,2005,Polystichum morii,玉山耳蕨
櫻花鉤吻鮭野生動物保護區,2005,Potentilla leuconota,玉山金梅
櫻花鉤吻鮭野生動物保護區,2005,Trichophorum subcapitatum,玉山針藺
櫻花鉤吻鮭野生動物保護區,2005,Erigeron morrisonensis,玉山飛蓬
櫻花鉤吻鮭野生動物保護區,2005,Gnaphalium hypoleucum,秋鼠麴草
櫻花鉤吻鮭野生動物保護區,2005,Rhododendron rubropilosum,紅毛杜鵑
櫻花鉤吻鮭野生動物保護區,2005,Abies kawakamii,臺灣冷杉
櫻花鉤吻鮭野生動物保護區,2005,Aconitum fukutomei,臺灣烏頭
櫻花鉤吻鮭野生動物保護區,2005,Lilium formosanum,臺灣百合
櫻花鉤吻鮭野生動物保護區,2005,Fragaria hayatae,臺灣草莓
櫻花鉤吻鮭野生動物保護區,2005,Veratrum formosanum,臺灣藜蘆
櫻花鉤吻鮭野生動物保護區,2005,Tsuga chinensis var. formosana,臺灣鐵杉
櫻花鉤吻鮭野生動物保護區,2005,Picea morrisonicola,臺灣雲杉
櫻花鉤吻鮭野生動物保護區,2005,Gentiana davidii var. formosana,臺灣龍膽
櫻花鉤吻鮭野生動物保護區,2005,Adenophora morrisonensis subsp. uehatae,高山沙參
櫻花鉤吻鮭野生動物保護區,2005,Cryptogramma brunoniana,高山珠蕨
櫻花鉤吻鮭野生動物保護區,2005,Rosa transmorrisonensis,高山薔薇
櫻花鉤吻鮭野生動物保護區,2005,Arenaria subpilosa,亞毛無心菜
櫻花鉤吻鮭野生動物保護區,2005,Gentiana itzershanensis,伊澤山龍膽
櫻花鉤吻鮭野生動物保護區,2005,Galium echinocarpum,刺果豬殃殃
櫻花鉤吻鮭野生動物保護區,2005,Euphrasia nankotaizanensis,南湖碎雪草
櫻花鉤吻鮭野生動物保護區,2005,Platanthera mandarinorum subsp. pachyglossa,厚唇粉蝶蘭
櫻花鉤吻鮭野生動物保護區,2005,Hydrangea integrifolia,大枝掛繡球
櫻花鉤吻鮭野生動物保護區,2005,Lonicera kawakamii,川上氏忍冬
櫻花鉤吻鮭野生動物保護區,2005,Sedum morrisonense,玉山佛甲草
櫻花鉤吻鮭野生動物保護區,2005,Lycopodium yueshanense,玉山地刷子
櫻花鉤吻鮭野生動物保護區,2005,Picris hieracioides subsp. morrisonensis,玉山毛連菜
櫻花鉤吻鮭野生動物保護區,2005,Arabis lyrata subsp. kamchatica,玉山筷子芥
櫻花鉤吻鮭野生動物保護區,2005,Agrostis infirma,玉山翦股穎
櫻花鉤吻鮭野生動物保護區,2005,Tripterospermum lanceolatum,玉山肺形草
櫻花鉤吻鮭野生動物保護區,2005,Leontopodium microphyllum,玉山薄雪草
櫻花鉤吻鮭野生動物保護區,2005,Rosa sericea var. morrisonensis,玉山野薔薇
櫻花鉤吻鮭野生動物保護區,2005,Hypericum nagasawae,玉山金絲桃
櫻花鉤吻鮭野生動物保護區,2005,Dryopteris wallichiana,瓦氏鱗毛蕨
櫻花鉤吻鮭野生動物保護區,2005,Trisetum spicatum var. formosanum,臺灣三毛草
櫻花鉤吻鮭野生動物保護區,2005,Pinus taiwanensis,臺灣二葉松
櫻花鉤吻鮭野生動物保護區,2005,Luzula taiwaniana,臺灣地楊梅
櫻花鉤吻鮭野生動物保護區,2005,Hydrocotyle batrachium,臺灣天胡荽
櫻花鉤吻鮭野生動物保護區,2005,Spiraea formosana,臺灣繡線菊
櫻花鉤吻鮭野生動物保護區,2005,Ribes formosanum,臺灣茶藨子
櫻花鉤吻鮭野生動物保護區,2005,Pinus armandii var. mastersiana,臺灣華山松
櫻花鉤吻鮭野生動物保護區,2005,Pieris taiwanensis,臺灣馬醉木
櫻花鉤吻鮭野生動物保護區,2005,Ainsliaea latifolia subsp. henryi,臺灣鬼督郵
櫻花鉤吻鮭野生動物保護區,2005,Agropyron formosanum,臺灣鵝觀草
櫻花鉤吻鮭野生動物保護區,2005,Agrostis infirma var. formosana,草山翦股穎
櫻花鉤吻鮭野生動物保護區,2005,Pilea plataniflora,西南冷水麻
櫻花鉤吻鮭野生動物保護區,2005,Gentiana arisanensis,阿里山龍膽
櫻花鉤吻鮭野生動物保護區,2005,Potentilla tugitakensis,雪山翻白草
櫻花鉤吻鮭野生動物保護區,2005,Rubus rolfei,高山懸鉤子
櫻花鉤吻鮭野生動物保護區,2005,Phleum alpinum,高山梯牧草
櫻花鉤吻鮭野生動物保護區,2005,Gaultheria itoana,高山白珠樹
櫻花鉤吻鮭野生動物保護區,2005,Hydrangea aspera,高山藤繡球
櫻花鉤吻鮭野生動物保護區,2005,Circaea alpina subsp. imaicola,高山露珠草
櫻花鉤吻鮭野生動物保護區,2005,Saussurea glandulosa,高山青木香
櫻花鉤吻鮭野生動物保護區,2005,Parasenecio hwangshanicus,黃山蟹甲草
櫻花鉤吻鮭野生動物保護區,2005,Geranium hayatanum,單花牻牛兒苗
櫻花鉤吻鮭野生動物保護區,2005,Anaphalis morrisonicola,玉山抱莖籟簫
櫻花鉤吻鮭野生動物保護區,2005,Oxalis acetosella subsp. griffithii,臺灣山酢漿草
櫻花鉤吻鮭野生動物保護區,2005,Aletris formosana,臺灣粉條兒菜
櫻花鉤吻鮭野生動物保護區,2005,Veronica persica,阿拉伯婆婆納
櫻花鉤吻鮭野生動物保護區,2005,Athyrium arisanense,阿里山蹄蓋蕨
櫻花鉤吻鮭野生動物保護區,2005,Ainsliaea macroclinidioides,阿里山鬼督郵
櫻花鉤吻鮭野生動物保護區,2005,Ophioglossum austroasiaticum,高山瓶爾小草
櫻花鉤吻鮭野生動物保護區,2005,Epilobium amurense,黑龍江柳葉菜
櫻花鉤吻鮭野生動物保護區,2005,Thalictrum urbainii var. majus,大花傅氏唐松草
櫻花鉤吻鮭野生動物保護區,2005,Oxalis acetosella subsp. taemoni,大霸尖山酢漿草
櫻花鉤吻鮭野生動物保護區,2007,Miscanthus sinensis,芒
櫻花鉤吻鮭野生動物保護區,2007,Pteridium aquilinum subsp. latiusculum,蕨
櫻花鉤吻鮭野生動物保護區,2007,Juniperus formosana,刺柏
櫻花鉤吻鮭野生動物保護區,2007,Lyonia ovalifolia,南燭
櫻花鉤吻鮭野生動物保護區,2007,Carex brunnea,束草
櫻花鉤吻鮭野生動物保護區,2007,Lycopodium obscurum,玉柏
櫻花鉤吻鮭野生動物保護區,2007,Lepisorus thunbergianus,瓦葦
櫻花鉤吻鮭野生動物保護區,2007,Myriactis humilis,矮菊
櫻花鉤吻鮭野生動物保護區,2007,Stauntonia obovatifoliola,石月
櫻花鉤吻鮭野生動物保護區,2007,Lycopodium clavatum,石松
櫻花鉤吻鮭野生動物保護區,2007,Chamaecyparis formosensis,紅檜
櫻花鉤吻鮭野生動物保護區,2007,Festuca ovina,羊茅
櫻花鉤吻鮭野生動物保護區,2007,Diplopterygium glaucum,裏白
櫻花鉤吻鮭野生動物保護區,2007,Juniperus squamata,香青
櫻花鉤吻鮭野生動物保護區,2007,Deschampsia cespitosa var. festucifolia,髮草
櫻花鉤吻鮭野生動物保護區,2007,Ixeridium laevigatum,刀傷草
櫻花鉤吻鮭野生動物保護區,2007,Lycopodium complanatum,地刷子
櫻花鉤吻鮭野生動物保護區,2007,Symplocos glauca,山羊耳
櫻花鉤吻鮭野生動物保護區,2007,Pteridium aquilinum subsp. wightianum,巒大蕨
櫻花鉤吻鮭野生動物保護區,2007,Vaccinium japonicum var. lasiostemon,毛蕊花
櫻花鉤吻鮭野生動物保護區,2007,Ellisiophyllum pinnatum,海螺菊
櫻花鉤吻鮭野生動物保護區,2007,Cyclobalanopsis stenophylloides,狹葉櫟
櫻花鉤吻鮭野生動物保護區,2007,Cirsium kawakamii,玉山薊
櫻花鉤吻鮭野生動物保護區,2007,Polygala japonica,瓜子金
櫻花鉤吻鮭野生動物保護區,2007,Plagiogyria rankanensis,瘤足蕨
櫻花鉤吻鮭野生動物保護區,2007,Lysionotus pauciflorus,石吊蘭
櫻花鉤吻鮭野生動物保護區,2007,Spiraea prunifolia var. pseudoprunifolia,笑靨花
櫻花鉤吻鮭野生動物保護區,2007,Rubus croceacanthus,虎婆刺
櫻花鉤吻鮭野生動物保護區,2007,Salix fulvopubescens,褐毛柳
櫻花鉤吻鮭野生動物保護區,2007,Rubia lanceolata,金劍草
櫻花鉤吻鮭野生動物保護區,2007,Asplenium trichomanes,鐵角蕨
櫻花鉤吻鮭野生動物保護區,2007,Quercus spinosa,高山櫟
櫻花鉤吻鮭野生動物保護區,2007,Lolium perenne,黑麥草
櫻花鉤吻鮭野生動物保護區,2007,Solidago virgaurea var. leiocarpa,一枝黃花
櫻花鉤吻鮭野生動物保護區,2007,Rubus pungens,刺懸鉤子
櫻花鉤吻鮭野生動物保護區,2007,Prunus spinulosa,刺葉桂櫻
櫻花鉤吻鮭野生動物保護區,2007,Eurya glaberrima,厚葉柃木
櫻花鉤吻鮭野生動物保護區,2007,Eupatorium chinense var. tozanense,塔山澤蘭
櫻花鉤吻鮭野生動物保護區,2007,Swertia macrosperma,大籽當藥
櫻花鉤吻鮭野生動物保護區,2007,Cystopteris moupinensis,寬葉冷蕨
櫻花鉤吻鮭野生動物保護區,2007,Viola senzanensis,尖山堇菜
櫻花鉤吻鮭野生動物保護區,2007,Polystichum parvipinnulum,尖葉耳蕨
櫻花鉤吻鮭野生動物保護區,2007,Smilax menispermoidea,巒大菝葜
櫻花鉤吻鮭野生動物保護區,2007,Deschampsia flexuosa,曲芒髮草
櫻花鉤吻鮭野生動物保護區,2007,Viburnum foetidum var. rectangulatum,狹葉莢迷
櫻花鉤吻鮭野生動物保護區,2007,Berberis morrisonensis,玉山小檗
櫻花鉤吻鮭野生動物保護區,2007,Rhododendron pseudochrysanthum,玉山杜鵑
櫻花鉤吻鮭野生動物保護區,2007,Lycopodium veitchii,玉山石松
櫻花鉤吻鮭野生動物保護區,2007,Dianthus pygmaeus,玉山石竹
櫻花鉤吻鮭野生動物保護區,2007,Yushania niitakayamensis,玉山箭竹
櫻花鉤吻鮭野生動物保護區,2007,Polystichum morii,玉山耳蕨
櫻花鉤吻鮭野生動物保護區,2007,Crypsinus quasidivaricatus,玉山茀蕨
櫻花鉤吻鮭野生動物保護區,2007,Pimpinella niitakayamensis,玉山茴香
櫻花鉤吻鮭野生動物保護區,2007,Potentilla leuconota,玉山金梅
櫻花鉤吻鮭野生動物保護區,2007,Trichophorum subcapitatum,玉山針藺
櫻花鉤吻鮭野生動物保護區,2007,Pittosporum illicioides,疏果海桐
櫻花鉤吻鮭野生動物保護區,2007,Eurya strigillosa,粗毛柃木
櫻花鉤吻鮭野生動物保護區,2007,Rhododendron rubropilosum,紅毛杜鵑
櫻花鉤吻鮭野生動物保護區,2007,Viola mandshurica,紫花地丁
櫻花鉤吻鮭野生動物保護區,2007,Eurya loquaiana,細枝柃木
櫻花鉤吻鮭野生動物保護區,2007,Rhododendron noriakianum,細葉杜鵑
櫻花鉤吻鮭野生動物保護區,2007,Smilax elongatoumbellata,細葉菝葜
櫻花鉤吻鮭野生動物保護區,2007,Mecodium polyanthos,細葉蕗蕨
櫻花鉤吻鮭野生動物保護區,2007,Pyrrosia linearifolia,絨毛石葦
櫻花鉤吻鮭野生動物保護區,2007,Abies kawakamii,臺灣冷杉
櫻花鉤吻鮭野生動物保護區,2007,Berberis kawakamii,臺灣小檗
櫻花鉤吻鮭野生動物保護區,2007,Actinidia chinensis var. setosa,臺灣羊桃
櫻花鉤吻鮭野生動物保護區,2007,Veratrum formosanum,臺灣藜蘆
櫻花鉤吻鮭野生動物保護區,2007,Arundo formosana,臺灣蘆竹
櫻花鉤吻鮭野生動物保護區,2007,Malus doumeri,臺灣蘋果
櫻花鉤吻鮭野生動物保護區,2007,Alnus formosana,臺灣赤楊
櫻花鉤吻鮭野生動物保護區,2007,Tsuga chinensis var. formosana,臺灣鐵杉
櫻花鉤吻鮭野生動物保護區,2007,Picea morrisonicola,臺灣雲杉
櫻花鉤吻鮭野生動物保護區,2007,Coriaria japonica subsp. intermedia,臺灣馬桑
櫻花鉤吻鮭野生動物保護區,2007,Strobilanthes formosanus,臺灣馬藍
