九九峰自然保留區,2003,Clerodendrum cyrtophyllum,大青
九九峰自然保留區,2003,Lonicera japonica,忍冬
九九峰自然保留區,2003,Alpinia zerumbet,月桃
九九峰自然保留區,2003,Celtis sinensis,朴樹
九九峰自然保留區,2003,Elaeocarpus sylvestris,杜英
九九峰自然保留區,2003,Ardisia sieboldii,樹杞
九九峰自然保留區,2003,Sapium discolor,白桕
九九峰自然保留區,2003,Imperata cylindrica var. major,白茅
九九峰自然保留區,2003,Dicranopteris linearis,芒萁
九九峰自然保留區,2003,Mucuna macrocarpa,血藤
九九峰自然保留區,2003,Mallotus japonicus,野桐
九九峰自然保留區,2003,Piper kadsura,風藤
九九峰自然保留區,2003,Machilus zuihoensis,香楠
九九峰自然保留區,2003,Calamus quiquesetinervius,黃藤
九九峰自然保留區,2003,Psychotria rubra,九節木
九九峰自然保留區,2003,Miscanthus floridulus,五節芒
九九峰自然保留區,2003,Microstegium ciliatum,剛莠竹
九九峰自然保留區,2003,Stephania japonica,千金藤
九九峰自然保留區,2003,Bridelia tomentosa,土密樹
九九峰自然保留區,2003,Cinnamomum osmophloeum,土肉桂
九九峰自然保留區,2003,Machilus japonica var. kusanoi,大葉楠
九九峰自然保留區,2003,Ficus formosana,天仙果
九九峰自然保留區,2003,Morus australis,小葉桑
九九峰自然保留區,2003,Gardenia jasminoides,山黃梔
九九峰自然保留區,2003,Rhus succedanea,木蠟樹
九九峰自然保留區,2003,Callicarpa formosana,杜虹花
九九峰自然保留區,2003,Gymnema sylvestre,武靴藤
九九峰自然保留區,2003,Elephantopus mollis,毛蓮菜
九九峰自然保留區,2003,Lygodium japonicum,海金沙
九九峰自然保留區,2003,Michelia compressa,烏心石
九九峰自然保留區,2003,Ficus erecta var. beecheyana,牛奶榕
九九峰自然保留區,2003,Ardisia crenata,珠砂根
九九峰自然保留區,2003,Mallotus paniculatus,白匏子
九九峰自然保留區,2003,Oplismenus compositus,竹葉草
九九峰自然保留區,2003,Breynia officinalis,紅仔珠
九九峰自然保留區,2003,Randia cochinchinensis,茜草樹
九九峰自然保留區,2003,Ichnanthus vicinus,距花黍
九九峰自然保留區,2003,Diospyros eriantha,軟毛柿
九九峰自然保留區,2003,Ardisia cornudentata,雨傘仔
九九峰自然保留區,2003,Schefflera octophylla,鵝掌柴
九九峰自然保留區,2003,Liriope spicata,麥門冬
九九峰自然保留區,2003,Litsea hypophaea,黃肉樹
九九峰自然保留區,2003,Eleutherococcus trifoliatus,三葉五加
九九峰自然保留區,2003,Prunus phaeosticta,墨點櫻桃
九九峰自然保留區,2003,Lindera megaphylla,大香葉樹
九九峰自然保留區,2003,Aleurites montanus,廣東油桐
九九峰自然保留區,2003,Paederia cavaleriei,毛雞屎藤
九九峰自然保留區,2003,Polygonum chinense,火炭母草
九九峰自然保留區,2003,Smilax bracteata var. verruculosa,糙莖菝葜
九九峰自然保留區,2003,Pittosporum pentandrum,臺灣海桐
九九峰自然保留區,2003,Calocedrus macrolepis var. formosana,臺灣肖楠
九九峰自然保留區,2003,Oreocnide pedunculata,長梗紫麻
九九峰自然保留區,2003,Blumea riparia var. megacephala,大頭艾納香
九九峰自然保留區,2003,Mussaenda pubescens,毛玉葉金花
九九峰自然保留區,2003,Ampelopsis brevipedunculata var. hancei,漢氏山葡萄
九九峰自然保留區,2003,Pteris ensiformis,箭葉鳳尾蕨
九九峰自然保留區,2003,Maesa perlaria var. formosana,臺灣山桂花
九九峰自然保留區,2003,Rubus formosensis,臺灣懸鉤子
九九峰自然保留區,2003,Dioscorea japonica,薄葉野山藥
九九峰自然保留區,2003,Passiflora suberosa,三角葉西番蓮
九九峰自然保留區,2003,Arachniodes pseudoaristata,小葉複葉耳蕨
九九峰自然保留區,2003,Arachniodes aristata,細葉複葉耳蕨
九九峰自然保留區,2003,Pourthiaea beauverdiana var. notabilis,臺灣老葉兒樹
九九峰自然保留區,2003,Pteris semipinnata,半邊羽裂鳳尾蕨
出雲山自然保留區,2003,Zelkova serrata,櫸
出雲山自然保留區,2003,Lagerstroemia subcostata,九芎
出雲山自然保留區,2003,Parthenocissus dalzielii,地錦
出雲山自然保留區,2003,Arenga tremula,山棕
出雲山自然保留區,2003,Melodinus angustifolius,山橙
出雲山自然保留區,2003,Pueraria montana,山葛
出雲山自然保留區,2003,Microsorum punctatum,星蕨
出雲山自然保留區,2003,Alpinia zerumbet,月桃
出雲山自然保留區,2003,Murraya paniculata,月橘
出雲山自然保留區,2003,Schima superba,木荷
出雲山自然保留區,2003,Celtis sinensis,朴樹
出雲山自然保留區,2003,Elaeocarpus sylvestris,杜英
出雲山自然保留區,2003,Maclura cochinchinensis,柘樹
出雲山自然保留區,2003,Beilschmiedia erythrophloia,瓊楠
出雲山自然保留區,2003,Lepisorus thunbergianus,瓦葦
出雲山自然保留區,2003,Stemona tuberosa,百部
出雲山自然保留區,2003,Stauntonia obovatifoliola,石月
出雲山自然保留區,2003,Celtis formosana,石朴
出雲山自然保留區,2003,Pyrrosia lingua,石葦
出雲山自然保留區,2003,Ilex formosana,糊樗
出雲山自然保留區,2003,Machilus thunbergii,紅楠
出雲山自然保留區,2003,Nephrolepis auriculata,腎蕨
出雲山自然保留區,2003,Ficus pumila,薜荔
出雲山自然保留區,2003,Cayratia japonica,虎葛
出雲山自然保留區,2003,Mucuna macrocarpa,血藤
出雲山自然保留區,2003,Quercus morii,赤柯
出雲山自然保留區,2003,Ecdysanthera rosea,酸藤
出雲山自然保留區,2003,Acer serrulatum,青楓
出雲山自然保留區,2003,Piper kadsura,風藤
出雲山自然保留區,2003,Machilus zuihoensis,香楠
出雲山自然保留區,2003,Tylophora ovata,鷗蔓
出雲山自然保留區,2003,Engelhardia roxburghiana,黃杞
出雲山自然保留區,2003,Adenostemma lavenia,下田菊
出雲山自然保留區,2003,Clematis grata,串鼻龍
出雲山自然保留區,2003,Miscanthus floridulus,五節芒
出雲山自然保留區,2003,Damnacanthus indicus,伏牛花
出雲山自然保留區,2003,Lemmaphyllum microphyllum,伏石蕨
出雲山自然保留區,2003,Diospyros oldhamii,俄氏柿
出雲山自然保留區,2003,Paraphlomis javanica,假糙蘇
出雲山自然保留區,2003,Vernonia elliptica,光耀藤
出雲山自然保留區,2003,Paspalum conjugatum,兩耳草
出雲山自然保留區,2003,Elatostema lineolatum var. majus,冷清草
出雲山自然保留區,2003,Microstegium ciliatum,剛莠竹
出雲山自然保留區,2003,Stephania japonica,千金藤
出雲山自然保留區,2003,Ehretia acuminata,厚殼樹
出雲山自然保留區,2003,Bridelia tomentosa,土密樹
出雲山自然保留區,2003,Colysis pothifolia,大線蕨
出雲山自然保留區,2003,Gordonia axillaris,大頭茶
出雲山自然保留區,2003,Asparagus cochinchinensis,天門冬
出雲山自然保留區,2003,Lepisorus obscurevenulosus,奧瓦葦
出雲山自然保留區,2003,Peperomia reflexa,小椒草
出雲山自然保留區,2003,Morus australis,小葉桑
出雲山自然保留區,2003,Acer kawakamii,尖葉槭
出雲山自然保留區,2003,Vitex quinata,山埔姜
出雲山自然保留區,2003,Alpinia intermedia,山月桃
出雲山自然保留區,2003,Eriobotrya deflexa,山枇杷
出雲山自然保留區,2003,Jasminum nervosum,山素英
出雲山自然保留區,2003,Symplocos glauca,山羊耳
出雲山自然保留區,2003,Asplenium antiquum,山蘇花
出雲山自然保留區,2003,Turpinia formosana,山香圓
出雲山自然保留區,2003,Pseudodrynaria coronans,崖薑蕨
出雲山自然保留區,2003,Campylotropis giraldii,彎龍骨
出雲山自然保留區,2003,Colysis hemionitidea,斷線蕨
出雲山自然保留區,2003,Paraboea swinhoei,旋莢木
出雲山自然保留區,2003,Trochodendron aralioides,昆欄樹
出雲山自然保留區,2003,Vittaria flexuosa,書帶蕨
出雲山自然保留區,2003,Cocculus orbiculatus,木防己
出雲山自然保留區,2003,Dianella ensifolia,桔梗蘭
出雲山自然保留區,2003,Rhamnus formosana,桶鉤藤
出雲山自然保留區,2003,Acer albopurpurascens,樟葉槭
出雲山自然保留區,2003,Elephantopus mollis,毛蓮菜
出雲山自然保留區,2003,Murdannia keisak,水竹葉
出雲山自然保留區,2003,Procris laevigata,烏來麻
出雲山自然保留區,2003,Michelia compressa,烏心石
出雲山自然保留區,2003,Sapindus mukorossi,無患子
出雲山自然保留區,2003,Carex cruciata,煙火薹
出雲山自然保留區,2003,Ilex asprella,燈稱花
出雲山自然保留區,2003,Tricalysia dubia,狗骨仔
出雲山自然保留區,2003,Cyclobalanopsis stenophylloides,狹葉櫟
出雲山自然保留區,2003,Sloanea formosana,猴歡喜
出雲山自然保留區,2003,Hiptage benghalensis,猿尾藤
出雲山自然保留區,2003,Viburnum odoratissimum,珊瑚樹
出雲山自然保留區,2003,Vaccinium dunalianum var. caudatifolium,珍珠花
出雲山自然保留區,2003,Ficus sarmentosa var. nipponica,珍珠蓮
出雲山自然保留區,2003,Psidium guajava,番石榴
出雲山自然保留區,2003,Mallotus paniculatus,白匏子
出雲山自然保留區,2003,Fraxinus griffithii,白雞油
出雲山自然保留區,2003,Acacia confusa,相思樹
出雲山自然保留區,2003,Lysionotus pauciflorus,石吊蘭
出雲山自然保留區,2003,Glycosmis citrifolia,石苓舅
出雲山自然保留區,2003,Monachosorum henryi,稀子蕨
出雲山自然保留區,2003,Oplismenus compositus,竹葉草
出雲山自然保留區,2003,Mallotus philippensis,粗糠柴
出雲山自然保留區,2003,Cleyera japonica,紅淡比
出雲山自然保留區,2003,Sarcandra glabra,草珊瑚
出雲山自然保留區,2003,Hydrangea chinensis,華八仙
出雲山自然保留區,2003,Zanthoxylum scandens,藤花椒
出雲山自然保留區,2003,Rhododendron leptosanthum,西施花
出雲山自然保留區,2003,Passiflora edulis,西番蓮
出雲山自然保留區,2003,Tetradium glabrifolium,賊仔樹
出雲山自然保留區,2003,Embelia lenticellata,賽山椒
出雲山自然保留區,2003,Oxalis corniculata,酢漿草
出雲山自然保留區,2003,Urena lobata,野棉花
出雲山自然保留區,2003,Rubia lanceolata,金劍草
出雲山自然保留區,2003,Quercus longinux,錐果櫟
出雲山自然保留區,2003,Cryptolepis sinensis,隱鱗藤
出雲山自然保留區,2003,Paederia foetida,雞屎藤
出雲山自然保留區,2003,Quercus glauca,青剛櫟
出雲山自然保留區,2003,Dischidia formosana,風不動
出雲山自然保留區,2003,Clinopodium chinense,風輪菜
出雲山自然保留區,2003,Chromolaena odorata,香澤蘭
出雲山自然保留區,2003,Lithocarpus lepidocarpus,鬼石櫟
出雲山自然保留區,2003,Lepisorus kawakamii,鱗瓦葦
出雲山自然保留區,2003,Schefflera octophylla,鵝掌柴
出雲山自然保留區,2003,Ascocentrum pumilum,鹿角蘭
出雲山自然保留區,2003,Liriope spicata,麥門冬
出雲山自然保留區,2003,Litsea hypophaea,黃肉樹
出雲山自然保留區,2003,Pasania hancei var. ternaticupula,三斗石櫟
出雲山自然保留區,2003,Polystichum biaristatum,二尖耳蕨
出雲山自然保留區,2003,Vaccinium emarginatum,凹葉越橘
出雲山自然保留區,2003,Eurya glaberrima,厚葉柃木
出雲山自然保留區,2003,Viburnum luzonicum,呂宋莢迷
出雲山自然保留區,2003,Prunus phaeosticta,墨點櫻桃
出雲山自然保留區,2003,Phyllanthus multiflorus,多花油柑
出雲山自然保留區,2003,Osmanthus matsumuranus,大葉木犀
出雲山自然保留區,2003,Lithocarpus kawakamii,大葉石櫟
出雲山自然保留區,2003,Cornopteris fluvialis,大葉貞蕨
出雲山自然保留區,2003,Cyclosorus parasiticus,密毛毛蕨
出雲山自然保留區,2003,Itea parviflora,小花鼠刺
出雲山自然保留區,2003,Osmanthus marginatus,小葉木犀
出雲山自然保留區,2003,Ardisia quinquegona,小葉樹杞
出雲山自然保留區,2003,Symplocos modesta,小葉白筆
出雲山自然保留區,2003,Bredia gibba,小金石榴
出雲山自然保留區,2003,Polystichum parvipinnulum,尖葉耳蕨
出雲山自然保留區,2003,Callicarpa randaiensis,巒大紫珠
出雲山自然保留區,2003,Smilax menispermoidea,巒大菝葜
出雲山自然保留區,2003,Microsorum steerei,廣葉星蕨
出雲山自然保留區,2003,Lepisorus monilisorus,擬笈瓦葦
出雲山自然保留區,2003,Lithocarpus amygdalifolius,杏葉石櫟
出雲山自然保留區,2003,Loxogramme salicifolia,柳葉劍蕨
出雲山自然保留區,2003,Pyrrosia polydactyla,槭葉石葦
出雲山自然保留區,2003,Adinandra lasiostyla,毛柱楊桐
出雲山自然保留區,2003,Microsorum buergerianum,波氏星蕨
出雲山自然保留區,2003,Clerodendrum trichotomum,海州常山
出雲山自然保留區,2003,Schima superba var. kankaoensis,港口木荷
出雲山自然保留區,2003,Polygonum chinense,火炭母草
出雲山自然保留區,2003,Ligustrum morrisonense,玉山女貞
出雲山自然保留區,2003,Symplocos morrisonicola,玉山灰木
出雲山自然保留區,2003,Lepisorus morrisonensis,玉山瓦葦
出雲山自然保留區,2003,Daphne kiusiana var. atrocaulis,白花瑞香
出雲山自然保留區,2003,Lindera glauca,白葉釣樟
出雲山自然保留區,2003,Eurya chinensis,米碎柃木
出雲山自然保留區,2003,Smilax bracteata var. verruculosa,糙莖菝葜
出雲山自然保留區,2003,Peperomia sui,紅莖椒草
出雲山自然保留區,2003,Eurya loquaiana,細枝柃木
出雲山自然保留區,2003,Achyranthes aspera var. rubrofusca,臺灣牛膝
出雲山自然保留區,2003,Cinnamomum insularimontanum,臺灣肉桂
出雲山自然保留區,2003,Piper umbellatum,臺灣胡椒
出雲山自然保留區,2003,Castanopsis formosana,臺灣苦櫧
出雲山自然保留區,2003,Arundo formosana,臺灣蘆竹
出雲山自然保留區,2003,Malus doumeri,臺灣蘋果
出雲山自然保留區,2003,Phoebe formosana,臺灣雅楠
出雲山自然保留區,2003,Iris formosana,臺灣鳶尾
出雲山自然保留區,2003,Aeschynanthus acuminatus,芒毛苣苔
出雲山自然保留區,2003,Crepidomanes birmanicum,華東瓶蕨
出雲山自然保留區,2003,Machilus philippinensis,菲律賓楠
出雲山自然保留區,2003,Embelia laeta var. papilligera,藤毛木槲
出雲山自然保留區,2003,Osmanthus lanceolatus,銳葉木犀
出雲山自然保留區,2003,Polystichum prionolepis,鋸葉耳蕨
出雲山自然保留區,2003,Akebia longeracemosa,長序木通
出雲山自然保留區,2003,Loxogramme remotefrondigera,長柄劍蕨
出雲山自然保留區,2003,Oreocnide pedunculata,長梗紫麻
出雲山自然保留區,2003,Berberis aristatoserrulata,長葉小檗
出雲山自然保留區,2003,Polystichum hancockii,韓氏耳蕨
出雲山自然保留區,2003,Toddalia asiatica,飛龍掌血
出雲山自然保留區,2003,Liparis bootanensis,一葉羊耳蒜
出雲山自然保留區,2003,Paris polyphylla,七葉一枝花
出雲山自然保留區,2003,Tetrastigma formosanum,三葉崖爬藤
出雲山自然保留區,2003,Celastrus hindsii,南華南蛇藤
出雲山自然保留區,2003,Asplenium griffithianum,叢葉鐵角蕨
出雲山自然保留區,2003,Hydrangea integrifolia,大枝掛繡球
出雲山自然保留區,2003,Davallia formosana,大葉骨碎補
出雲山自然保留區,2003,Asplenium wilfordii,威氏鐵角蕨
出雲山自然保留區,2003,Mikania micrantha,小花蔓澤蘭
出雲山自然保留區,2003,Asplenium ritoense,尖葉鐵角蕨
出雲山自然保留區,2003,Sageretia randaiensis,巒大雀梅藤
出雲山自然保留區,2003,Vittaria taeniophylla,廣葉書帶蕨
出雲山自然保留區,2003,Cyrtococcum accrescens,散穗弓果黍
出雲山自然保留區,2003,Onychium japonicum,日本金粉蕨
出雲山自然保留區,2003,Ilex hayatana,早田氏冬青
出雲山自然保留區,2003,Pteris setulosocostulata,有刺鳳尾蕨
出雲山自然保留區,2003,Ilex lonicerifolia var. matsudae,松田氏冬青
出雲山自然保留區,2003,Symplocos stellaris,枇杷葉灰木
出雲山自然保留區,2003,Rubus pyrifolius,梨葉懸鉤子
出雲山自然保留區,2003,Setaria palmifolia,棕葉狗尾草
出雲山自然保留區,2003,Symplocos congesta,楊桐葉灰木
出雲山自然保留區,2003,Microlepia trichocarpa,毛果鱗蓋蕨
出雲山自然保留區,2003,Camellia transnokoensis,泛能高山茶
出雲山自然保留區,2003,Davallia mariesii,海州骨碎補
出雲山自然保留區,2003,Ampelopsis brevipedunculata var. hancei,漢氏山葡萄
出雲山自然保留區,2003,Litsea morrisonensis,玉山木薑子
出雲山自然保留區,2003,Viburnum integrifolium,玉山糯米樹
出雲山自然保留區,2003,Ardisia cornudentata subsp. morrisonensis,玉山紫金牛
出雲山自然保留區,2003,Lasianthus fordii,琉球雞屎樹
出雲山自然保留區,2003,Asplenium normale,生芽鐵角蕨
出雲山自然保留區,2003,Polypodium transpianense,疏毛水龍骨
出雲山自然保留區,2003,Dryopteris labordei,疏葉鱗毛蕨
出雲山自然保留區,2003,Microtropis fokienensis,福建賽衛矛
出雲山自然保留區,2003,Polypodium argutum,箭葉水龍骨
出雲山自然保留區,2003,Pteris scabristipes,紅柄鳳尾蕨
出雲山自然保留區,2003,Glochidion rubrum,細葉饅頭果
出雲山自然保留區,2003,Calanthe alismifolia,細點根節蘭
出雲山自然保留區,2003,Marsdenia tinctoria,絨毛芙蓉蘭
出雲山自然保留區,2003,Plagiogyria stenoptera,耳形瘤足蕨
出雲山自然保留區,2003,Sarcopyramis napalensis var. bodinieri,肉穗野牡丹
出雲山自然保留區,2003,Spodiopogon tainanensis,臺南大油芒
出雲山自然保留區,2003,Maesa perlaria var. formosana,臺灣山桂花
出雲山自然保留區,2003,Asplenium nidus,臺灣山蘇花
出雲山自然保留區,2003,Tetrastigma umbellatum,臺灣崖爬藤
出雲山自然保留區,2003,Hedera rhombea var. formosana,臺灣常春藤
出雲山自然保留區,2003,Rubus formosensis,臺灣懸鉤子
出雲山自然保留區,2003,Polypodium formosanum,臺灣水龍骨
出雲山自然保留區,2003,Plagiogyria formosana,臺灣瘤足蕨
出雲山自然保留區,2003,Acer morrisonense,臺灣紅榨槭
出雲山自然保留區,2003,Ainsliaea latifolia subsp. henryi,臺灣鬼督郵
出雲山自然保留區,2003,Dryopteris formosana,臺灣鱗毛蕨
出雲山自然保留區,2003,Lepidagathis formosensis,臺灣鱗球花
出雲山自然保留區,2003,Schefflera taiwaniana,臺灣鵝掌柴
出雲山自然保留區,2003,Plagiogyria euphlebia,華中瘤足蕨
出雲山自然保留區,2003,Asplenium wrightii,萊氏鐵角蕨
出雲山自然保留區,2003,Dryopteris sordidipes,落鱗鱗毛蕨
出雲山自然保留區,2003,Dioscorea japonica,薄葉野山藥
出雲山自然保留區,2003,Elatostema trilobulatum,裂葉樓梯草
出雲山自然保留區,2003,Begonia palmata,裂葉秋海棠
出雲山自然保留區,2003,Dioscorea matsudae,裡白葉薯榔
出雲山自然保留區,2003,Elaeagnus thunbergii,鄧氏胡頹子
出雲山自然保留區,2003,Castanopsis cuspidata var. carlesii,長尾尖葉櫧
出雲山自然保留區,2003,Litsea acuminata,長葉木薑子
出雲山自然保留區,2003,Dryopteris sparsa,長葉鱗毛蕨
出雲山自然保留區,2003,Symplocos arisanensis,阿里山灰木
出雲山自然保留區,2003,Polystichum eximium,阿里山耳蕨
出雲山自然保留區,2003,Elaphoglossum conforme,阿里山舌蕨
出雲山自然保留區,2003,Scleria terrestris,陸生珍珠茅
出雲山自然保留區,2003,Litsea elongata var. mushaensis,霧社木薑子
出雲山自然保留區,2003,Asplenium adiantoides,革葉鐵角蕨
出雲山自然保留區,2003,Clematis meyeniana,麥氏鐵線蓮
出雲山自然保留區,2003,Ardisia virens,黑星紫金牛
出雲山自然保留區,2003,Pteris linearis,三角脈鳳尾蕨
出雲山自然保留區,2003,Passiflora suberosa,三角葉西番蓮
出雲山自然保留區,2003,Athyrium kuratae,倉田氏蹄蓋蕨
出雲山自然保留區,2003,Sida cordifolia,圓葉金午時花
出雲山自然保留區,2003,Arachniodes pseudoaristata,小葉複葉耳蕨
出雲山自然保留區,2003,Diplazium kawakamii,川上氏雙蓋蕨
出雲山自然保留區,2003,Arachniodes rhomboidea,斜方複葉耳蕨
出雲山自然保留區,2003,Humata griffithiana,杯狀蓋陰石蕨
出雲山自然保留區,2003,Smilax riparia,烏蘇里山馬薯
出雲山自然保留區,2003,Stachytarpheta jamaicensis,牙買加長穗木
出雲山自然保留區,2003,Arachniodes aristata,細葉複葉耳蕨
出雲山自然保留區,2003,Araiostegia parvipinnula,臺灣小膜蓋蕨
出雲山自然保留區,2003,Oxalis acetosella subsp. formosana,臺灣山酢漿草
出雲山自然保留區,2003,Dumasia villosa subsp. bicolor,臺灣山黑扁豆
出雲山自然保留區,2003,Pourthiaea beauverdiana var. notabilis,臺灣老葉兒樹
出雲山自然保留區,2003,Neolitsea aciculata var. variabillima,變葉新木薑子
出雲山自然保留區,2003,Carpinus kawakamii,阿里山千金榆
出雲山自然保留區,2003,Hydrocotyle setulosa,阿里山天胡荽
出雲山自然保留區,2003,Athyrium arisanense,阿里山蹄蓋蕨
出雲山自然保留區,2003,Dryopteris squamiseta,阿里山鱗毛蕨
出雲山自然保留區,2003,Neolitsea acuminatissima,高山新木薑子
出雲山自然保留區,2003,Diplazium dilatatum,廣葉鋸齒雙蓋蕨
出雲山自然保留區,2003,Leptorumohra quadripinnata,毛苞擬複葉耳蕨
大武山自然保留區,2004,Miscanthus sinensis,芒
大武山自然保留區,2004,Lyonia ovalifolia,南燭
大武山自然保留區,2004,Dendrobium moniliforme,石斛
大武山自然保留區,2004,Pyrrosia lingua,石葦
大武山自然保留區,2004,Dennstaedtia scabra,碗蕨
大武山自然保留區,2004,Machilus thunbergii,紅楠
大武山自然保留區,2004,Chamaecyparis formosensis,紅檜
大武山自然保留區,2004,Quercus morii,赤柯
大武山自然保留區,2004,Miscanthus floridulus,五節芒
大武山自然保留區,2004,Damnacanthus indicus,伏牛花
大武山自然保留區,2004,Lemmaphyllum microphyllum,伏石蕨
大武山自然保留區,2004,Lycopodium complanatum,地刷子
大武山自然保留區,2004,Gordonia axillaris,大頭茶
大武山自然保留區,2004,Hydrocotyle sibthorpioides,天胡荽
大武山自然保留區,2004,Lepisorus obscurevenulosus,奧瓦葦
大武山自然保留區,2004,Trochodendron aralioides,昆欄樹
大武山自然保留區,2004,Vittaria flexuosa,書帶蕨
大武山自然保留區,2004,Xiphopteris okuboi,梳葉蕨
大武山自然保留區,2004,Polypogon fugax,棒頭草
大武山自然保留區,2004,Vaccinium japonicum var. lasiostemon,毛蕊花
大武山自然保留區,2004,Vaccinium dunalianum var. caudatifolium,珍珠花
大武山自然保留區,2004,Ardisia crenata,珠砂根
大武山自然保留區,2004,Polygala japonica,瓜子金
大武山自然保留區,2004,Gaultheria cumingiana,白珠樹
大武山自然保留區,2004,Lysionotus pauciflorus,石吊蘭
大武山自然保留區,2004,Monachosorum henryi,稀子蕨
大武山自然保留區,2004,Cleyera japonica,紅淡比
大武山自然保留區,2004,Salix fulvopubescens,褐毛柳
大武山自然保留區,2004,Rhododendron leptosanthum,西施花
大武山自然保留區,2004,Lemmaphyllum diversum,骨牌蕨
大武山自然保留區,2004,Vaccinium emarginatum,凹葉越橘
大武山自然保留區,2004,Prunus phaeosticta,墨點櫻桃
大武山自然保留區,2004,Calymmodon cucullatus,姬荷包蕨
大武山自然保留區,2004,Vaccinium randaiense,巒大越橘
大武山自然保留區,2004,Lepisorus monilisorus,擬笈瓦葦
大武山自然保留區,2004,Ligustrum liukiuense,日本女貞
大武山自然保留區,2004,Adinandra lasiostyla,毛柱楊桐
大武山自然保留區,2004,Elaphoglossum angulatum,爪哇舌蕨
大武山自然保留區,2004,Bulbophyllum drymoglossum,狹萼豆蘭
大武山自然保留區,2004,Viburnum foetidum var. rectangulatum,狹葉莢迷
大武山自然保留區,2004,Rhododendron pseudochrysanthum,玉山杜鵑
大武山自然保留區,2004,Symplocos morrisonicola,玉山灰木
大武山自然保留區,2004,Yushania niitakayamensis,玉山箭竹
大武山自然保留區,2004,Smilax vaginata,玉山菝葜
大武山自然保留區,2004,Trichophorum subcapitatum,玉山針藺
大武山自然保留區,2004,Illicium anisatum,白花八角
大武山自然保留區,2004,Eurya strigillosa,粗毛柃木
大武山自然保留區,2004,Eurya loquaiana,細枝柃木
大武山自然保留區,2004,Smilax elongatoumbellata,細葉菝葜
大武山自然保留區,2004,Mecodium polyanthos,細葉蕗蕨
大武山自然保留區,2004,Loxogramme formosana,臺灣劍蕨
大武山自然保留區,2004,Berberis kawakamii,臺灣小檗
大武山自然保留區,2004,Adinandra formosana,臺灣楊桐
大武山自然保留區,2004,Dendropanax dentiger,臺灣樹參
大武山自然保留區,2004,Malus doumeri,臺灣蘋果
大武山自然保留區,2004,Tsuga chinensis var. formosana,臺灣鐵杉
大武山自然保留區,2004,Eurya leptophylla,薄葉柃木
大武山自然保留區,2004,Embelia laeta var. papilligera,藤毛木槲
大武山自然保留區,2004,Symplocos trichoclada,褐毛灰木
大武山自然保留區,2004,Elaphoglossum callifolium,銳頭舌蕨
大武山自然保留區,2004,Ilex tugitakayamensis,雪山冬青
大武山自然保留區,2004,Viburnum propinquum,高山莢迷
大武山自然保留區,2004,Asplenium ensiforme,劍葉鐵角蕨
大武山自然保留區,2004,Gentiana tatakensis,塔塔加龍膽
大武山自然保留區,2004,Rhododendron mariesii,守城滿山紅
大武山自然保留區,2004,Ilex hayatana,早田氏冬青
大武山自然保留區,2004,Lycopodium casuarinoides,木賊葉石松
大武山自然保留區,2004,Barthea barthei,深山野牡丹
大武山自然保留區,2004,Photinia niitakayamensis,玉山假沙梨
大武山自然保留區,2004,Microtropis fokienensis,福建賽衛矛
大武山自然保留區,2004,Polypodium argutum,箭葉水龍骨
大武山自然保留區,2004,Plagiogyria stenoptera,耳形瘤足蕨
大武山自然保留區,2004,Sarcopyramis napalensis var. bodinieri,肉穗野牡丹
大武山自然保留區,2004,Smilax lanceifolia,臺灣土茯苓
大武山自然保留區,2004,Luzula taiwaniana,臺灣地楊梅
大武山自然保留區,2004,Plagiogyria formosana,臺灣瘤足蕨
大武山自然保留區,2004,Acer morrisonense,臺灣紅榨槭
大武山自然保留區,2004,Ainsliaea latifolia subsp. henryi,臺灣鬼督郵
大武山自然保留區,2004,Dryopteris formosana,臺灣鱗毛蕨
大武山自然保留區,2004,Schefflera taiwaniana,臺灣鵝掌柴
大武山自然保留區,2004,Plagiogyria euphlebia,華中瘤足蕨
大武山自然保留區,2004,Rubus corchorifolius,變葉懸鉤子
大武山自然保留區,2004,Elaeagnus thunbergii,鄧氏胡頹子
大武山自然保留區,2004,Castanopsis cuspidata var. carlesii,長尾尖葉櫧
大武山自然保留區,2004,Litsea acuminata,長葉木薑子
大武山自然保留區,2004,Lonicera acuminata,阿里山忍冬
大武山自然保留區,2004,Symplocos arisanensis,阿里山灰木
大武山自然保留區,2004,Smilax arisanensis,阿里山菝葜
大武山自然保留區,2004,Rubus rolfei,高山懸鉤子
大武山自然保留區,2004,Gaultheria itoana,高山白珠樹
大武山自然保留區,2004,Shortia rotundifolia,倒卵葉裂緣花
大武山自然保留區,2004,Crypsinus echinosporus,大葉玉山茀蕨
大武山自然保留區,2004,Arachniodes pseudoaristata,小葉複葉耳蕨
大武山自然保留區,2004,Arachniodes rhomboidea,斜方複葉耳蕨
大武山自然保留區,2004,Araiostegia parvipinnula,臺灣小膜蓋蕨
大武山自然保留區,2004,Pourthiaea beauverdiana var. notabilis,臺灣老葉兒樹
大武山自然保留區,2004,Neolitsea aciculata var. variabillima,變葉新木薑子
大武山自然保留區,2004,Polypodium amoenum,阿里山水龍骨
大武山自然保留區,2004,Neolitsea acuminatissima,高山新木薑子
大武山自然保留區,2005,Myrica rubra,楊梅
大武山自然保留區,2005,Machilus thunbergii,紅楠
大武山自然保留區,2005,Dicranopteris linearis,芒萁
大武山自然保留區,2005,Elaeocarpus japonicus,薯豆
大武山自然保留區,2005,Engelhardia roxburghiana,黃杞
大武山自然保留區,2005,Huperzia serrata,千層塔
大武山自然保留區,2005,Ternstroemia gymnanthera,厚皮香
大武山自然保留區,2005,Myrsine seguinii,大明橘
大武山自然保留區,2005,Bulbophyllum aureolabellum,小豆蘭
大武山自然保留區,2005,Dianella ensifolia,桔梗蘭
大武山自然保留區,2005,Xiphopteris okuboi,梳葉蕨
大武山自然保留區,2005,Eria tomentosiflora,樹絨蘭
大武山自然保留區,2005,Pleuromanes pallidum,毛葉蕨
大武山自然保留區,2005,Quercus repandifolia,波葉櫟
大武山自然保留區,2005,Rhaphiolepis indica var. tashiroi,石斑木
大武山自然保留區,2005,Prosaptia contigua,穴子蕨
大武山自然保留區,2005,Cleyera japonica,紅淡比
大武山自然保留區,2005,Quercus longinux,錐果櫟
大武山自然保留區,2005,Lemmaphyllum diversum,骨牌蕨
大武山自然保留區,2005,Goodyera velutina,鳥嘴蓮
大武山自然保留區,2005,Vaccinium emarginatum,凹葉越橘
大武山自然保留區,2005,Symplocos sonoharae,南嶺灰木
大武山自然保留區,2005,Eurya glaberrima,厚葉柃木
大武山自然保留區,2005,Symplocos setchuensis,四川灰木
大武山自然保留區,2005,Ilex goshiensis,圓葉冬青
大武山自然保留區,2005,Syzygium buxifolium,小葉赤楠
大武山自然保留區,2005,Sorbus randaiensis,巒大花楸
大武山自然保留區,2005,Vaccinium randaiense,巒大越橘
大武山自然保留區,2005,Lithocarpus dodonaeifolius,柳葉石櫟
大武山自然保留區,2005,Schima superba var. kankaoensis,港口木荷
大武山自然保留區,2005,Ilex uraiensis,烏來冬青
大武山自然保留區,2005,Magnolia kachirachirai,烏心石舅
大武山自然保留區,2005,Bulbophyllum drymoglossum,狹萼豆蘭
大武山自然保留區,2005,Rhododendron pseudochrysanthum,玉山杜鵑
大武山自然保留區,2005,Yushania niitakayamensis,玉山箭竹
大武山自然保留區,2005,Crypsinus quasidivaricatus,玉山茀蕨
大武山自然保留區,2005,Smilax vaginata,玉山菝葜
大武山自然保留區,2005,Trichophorum subcapitatum,玉山針藺
大武山自然保留區,2005,Illicium anisatum,白花八角
大武山自然保留區,2005,Calanthe angustifolia,矮根節蘭
大武山自然保留區,2005,Syzygium euphlebium,細脈赤楠
大武山自然保留區,2005,Mecodium polyanthos,細葉蕗蕨
大武山自然保留區,2005,Rhododendron formosanum,臺灣杜鵑
大武山自然保留區,2005,Dendropanax dentiger,臺灣樹參
大武山自然保留區,2005,Cinnamomum insularimontanum,臺灣肉桂
大武山自然保留區,2005,Hymenophyllum devolii,臺灣膜蕨
大武山自然保留區,2005,Elaphoglossum luzonicum,臺灣舌蕨
大武山自然保留區,2005,Tsuga chinensis var. formosana,臺灣鐵杉
大武山自然保留區,2005,Epigeneium nakaharae,蠟著頦蘭
大武山自然保留區,2005,Ilex tugitakayamensis,雪山冬青
大武山自然保留區,2005,Liparis bootanensis,一葉羊耳蒜
大武山自然保留區,2005,Plagiogyria dunnii,倒葉瘤足蕨
大武山自然保留區,2005,Disporum nantouense,南投寶鐸花
大武山自然保留區,2005,Podocarpus fasciculus,叢花百日青
大武山自然保留區,2005,Liparis formosana,寶島羊耳蒜
大武山自然保留區,2005,Dendrobium somae,小雙花石斛
大武山自然保留區,2005,Quercus championii,嶺南青剛櫟
大武山自然保留區,2005,Polygala arcuata,巨葉花遠志
大武山自然保留區,2005,Symplocos wikstroemiifolia,月桂葉灰木
大武山自然保留區,2005,Litsea lii,李氏木薑子
大武山自然保留區,2005,Symplocos congesta,楊桐葉灰木
大武山自然保留區,2005,Barthea barthei,深山野牡丹
大武山自然保留區,2005,Damnacanthus angustifolius,無刺伏牛花
大武山自然保留區,2005,Viburnum integrifolium,玉山糯米樹
大武山自然保留區,2005,Ctenitis transmorrisonensis,玉山肋毛蕨
大武山自然保留區,2005,Tripterospermum lanceolatum,玉山肺形草
大武山自然保留區,2005,Lasianthus fordii,琉球雞屎樹
大武山自然保留區,2005,Calanthe graciliflora,細花根節蘭
大武山自然保留區,2005,Litsea lii var. nunkaotahangensis,能漢木薑子
大武山自然保留區,2005,Smilax lanceifolia,臺灣土茯苓
大武山自然保留區,2005,Ainsliaea latifolia subsp. henryi,臺灣鬼督郵
大武山自然保留區,2005,Grammitis nuda,長孢禾葉蕨
大武山自然保留區,2005,Gentiana arisanensis,阿里山龍膽
大武山自然保留區,2005,Carex rhynchachaenium,初島氏宿柱薹
大武山自然保留區,2005,Sarcopyramis napalensis var. delicata,東方肉穗野牡丹
大武山自然保留區,2007,Zelkova serrata,櫸
大武山自然保留區,2007,Miscanthus sinensis,芒
大武山自然保留區,2007,Lagerstroemia subcostata,九芎
大武山自然保留區,2007,Clerodendrum cyrtophyllum,大青
大武山自然保留區,2007,Arenga tremula,山棕
大武山自然保留區,2007,Alpinia zerumbet,月桃
大武山自然保留區,2007,Murraya paniculata,月橘
大武山自然保留區,2007,Celtis sinensis,朴樹
大武山自然保留區,2007,Maclura cochinchinensis,柘樹
大武山自然保留區,2007,Histiopteris incisa,栗蕨
大武山自然保留區,2007,Peperomia japonica,椒草
大武山自然保留區,2007,Myrica rubra,楊梅
大武山自然保留區,2007,Ardisia sieboldii,樹杞
大武山自然保留區,2007,Cyclosorus acuminatus,毛蕨
大武山自然保留區,2007,Debregeasia orientalis,水麻
大武山自然保留區,2007,Beilschmiedia erythrophloia,瓊楠
大武山自然保留區,2007,Vandenboschia auriculata,瓶蕨
大武山自然保留區,2007,Sapium discolor,白桕
大武山自然保留區,2007,Ficus benjamina,白榕
大武山自然保留區,2007,Stauntonia obovatifoliola,石月
大武山自然保留區,2007,Pyrrosia lingua,石葦
大武山自然保留區,2007,Machilus thunbergii,紅楠
大武山自然保留區,2007,Styrax suberifolius,紅皮
大武山自然保留區,2007,Spiranthes sinensis,綬草
大武山自然保留區,2007,Dictyocline griffithii,聖蕨
大武山自然保留區,2007,Nephrolepis auriculata,腎蕨
大武山自然保留區,2007,Dicranopteris linearis,芒萁
大武山自然保留區,2007,Bischofia javanica,茄苳
大武山自然保留區,2007,Smilax china,菝葜
大武山自然保留區,2007,Elaeocarpus japonicus,薯豆
大武山自然保留區,2007,Arundo donax,蘆竹
大武山自然保留區,2007,Quercus morii,赤柯
大武山自然保留區,2007,Ecdysanthera rosea,酸藤
大武山自然保留區,2007,Ficus superba var. japonica,雀榕
大武山自然保留區,2007,Piper kadsura,風藤
大武山自然保留區,2007,Engelhardia roxburghiana,黃杞
大武山自然保留區,2007,Calamus quiquesetinervius,黃藤
大武山自然保留區,2007,Psychotria rubra,九節木
大武山自然保留區,2007,Neolitsea konishii,五掌楠
大武山自然保留區,2007,Damnacanthus indicus,伏牛花
大武山自然保留區,2007,Lemmaphyllum microphyllum,伏石蕨
大武山自然保留區,2007,Elatostema lineolatum var. majus,冷清草
大武山自然保留區,2007,Ixeridium laevigatum,刀傷草
大武山自然保留區,2007,Bridelia balansae,刺杜密
大武山自然保留區,2007,Cryptocarya chinensis,厚殼桂
大武山自然保留區,2007,Ternstroemia gymnanthera,厚皮香
大武山自然保留區,2007,Dendrocnide meyeniana,咬人狗
大武山自然保留區,2007,Cinnamomum osmophloeum,土肉桂
大武山自然保留區,2007,Euonymus laxiflorus,大丁黃
大武山自然保留區,2007,Machilus japonica var. kusanoi,大葉楠
大武山自然保留區,2007,Gordonia axillaris,大頭茶
大武山自然保留區,2007,Alocasia odora,姑婆芋
大武山自然保留區,2007,Melicope semecarpifolia,山刈葉
大武山自然保留區,2007,Diospyros morrisiana,山紅柿
大武山自然保留區,2007,Asplenium antiquum,山蘇花
大武山自然保留區,2007,Gardenia jasminoides,山黃梔
大武山自然保留區,2007,Pseudodrynaria coronans,崖薑蕨
大武山自然保留區,2007,Psychotria serpens,拎壁龍
大武山自然保留區,2007,Pronephrium triphyllum,新月蕨
大武山自然保留區,2007,Trochodendron aralioides,昆欄樹
大武山自然保留區,2007,Vittaria flexuosa,書帶蕨
大武山自然保留區,2007,Rhus succedanea,木蠟樹
大武山自然保留區,2007,Callicarpa formosana,杜虹花
大武山自然保留區,2007,Antidesma pentandrum var. barbatum,枯里珍
大武山自然保留區,2007,Pothos chinensis,柚葉藤
大武山自然保留區,2007,Acer albopurpurascens,樟葉槭
大武山自然保留區,2007,Eria tomentosiflora,樹絨蘭
大武山自然保留區,2007,Gymnema sylvestre,武靴藤
大武山自然保留區,2007,Saurauia tristyla var. oldhamii,水冬瓜
大武山自然保留區,2007,Wendlandia formosana,水金京
大武山自然保留區,2007,Oplismenus hirtellus,求米草
大武山自然保留區,2007,Lygodium japonicum,海金沙
大武山自然保留區,2007,Ficus irisana,澀葉榕
大武山自然保留區,2007,Michelia compressa,烏心石
大武山自然保留區,2007,Sapindus mukorossi,無患子
大武山自然保留區,2007,Tricalysia dubia,狗骨仔
大武山自然保留區,2007,Cyclobalanopsis stenophylloides,狹葉櫟
大武山自然保留區,2007,Ficus sarmentosa var. nipponica,珍珠蓮
大武山自然保留區,2007,Ardisia crenata,珠砂根
大武山自然保留區,2007,Mallotus paniculatus,白匏子
大武山自然保留區,2007,Ficus virgata,白肉榕
大武山自然保留區,2007,Fraxinus griffithii,白雞油
大武山自然保留區,2007,Calanthe triplicata,白鶴蘭
大武山自然保留區,2007,Monachosorum henryi,稀子蕨
大武山自然保留區,2007,Amischotolype hispida,穿鞘花
大武山自然保留區,2007,Oplismenus compositus,竹葉草
大武山自然保留區,2007,Carex filicina,紅鞘薹
大武山自然保留區,2007,Ventilago elegans,翼核木
大武山自然保留區,2007,Fraxinus insularis,臺灣梣
大武山自然保留區,2007,Ophiorrhiza japonica,蛇根草
大武山自然保留區,2007,Rhododendron leptosanthum,西施花
大武山自然保留區,2007,Ficus fistulosa,豬母乳
大武山自然保留區,2007,Staurochilus luchuensis,豹紋蘭
大武山自然保留區,2007,Diospyros eriantha,軟毛柿
大武山自然保留區,2007,Tetrapanax papyriferus,通脫木
大武山自然保留區,2007,Bredia oldhamii,金石榴
大武山自然保留區,2007,Quercus longinux,錐果櫟
大武山自然保留區,2007,Adiantum capillus-veneris,鐵線蕨
大武山自然保留區,2007,Quercus glauca,青剛櫟
大武山自然保留區,2007,Pileostegia viburnoides,青棉花
大武山自然保留區,2007,Lindera communis,香葉樹
大武山自然保留區,2007,Acrophorus stipellatus,魚鱗蕨
大武山自然保留區,2007,Goodyera velutina,鳥嘴蓮
大武山自然保留區,2007,Dendrobium crumenatum,鴿石斛
大武山自然保留區,2007,Schefflera octophylla,鵝掌柴
大武山自然保留區,2007,Litsea hypophaea,黃肉樹
大武山自然保留區,2007,Machilus japonica,假長葉楠
大武山自然保留區,2007,Selaginella delicatula,全緣卷柏
大武山自然保留區,2007,Vaccinium emarginatum,凹葉越橘
大武山自然保留區,2007,Rubus pectinellus,刺萼寒莓
大武山自然保留區,2007,Eurya glaberrima,厚葉柃木
大武山自然保留區,2007,Prunus phaeosticta,墨點櫻桃
大武山自然保留區,2007,Eria ovata,大腳筒蘭
大武山自然保留區,2007,Asarum macranthum,大花細辛
大武山自然保留區,2007,Deutzia pulchra,大葉溲疏
大武山自然保留區,2007,Lithocarpus kawakamii,大葉石櫟
大武山自然保留區,2007,Itea parviflora,小花鼠刺
大武山自然保留區,2007,Symplocos modesta,小葉白筆
大武山自然保留區,2007,Polystichum parvipinnulum,尖葉耳蕨
大武山自然保留區,2007,Crypsinus engleri,恩氏茀蕨
大武山自然保留區,2007,Lobelia nummularia,普剌特草
大武山自然保留區,2007,Microsorum buergerianum,波氏星蕨
大武山自然保留區,2007,Clerodendrum trichotomum,海州常山
大武山自然保留區,2007,Schima superba var. kankaoensis,港口木荷
大武山自然保留區,2007,Styrax formosanus,烏皮九芎
大武山自然保留區,2007,Selaginella doederleinii,生根卷柏
大武山自然保留區,2007,Illicium anisatum,白花八角
大武山自然保留區,2007,Dysoxylum hongkongense,紅果椌木
大武山自然保留區,2007,Eurya loquaiana,細枝柃木
大武山自然保留區,2007,Trachelospermum gracilipes,細梗絡石
大武山自然保留區,2007,Chloranthus oldhamii,臺灣及己
大武山自然保留區,2007,Adinandra formosana,臺灣楊桐
大武山自然保留區,2007,Dendropanax dentiger,臺灣樹參
大武山自然保留區,2007,Koelreuteria henryi,臺灣欒樹
大武山自然保留區,2007,Ilex ficoidea,臺灣糊樗
大武山自然保留區,2007,Alnus formosana,臺灣赤楊
大武山自然保留區,2007,Syzygium formosanum,臺灣赤楠
大武山自然保留區,2007,Strobilanthes longespicatus,長穗馬藍
大武山自然保留區,2007,Nephrolepis biserrata,長葉腎蕨
大武山自然保留區,2007,Boehmeria wattersii,長葉苧麻
大武山自然保留區,2007,Turpinia ternata,三葉山香圓
大武山自然保留區,2007,Tetrastigma formosanum,三葉崖爬藤
大武山自然保留區,2007,Drypetes karapinensis,交力坪鐵色
大武山自然保留區,2007,Plagiogyria dunnii,倒葉瘤足蕨
大武山自然保留區,2007,Asplenium excisum,剪葉鐵角蕨
大武山自然保留區,2007,Vittaria zosterifolia,垂葉書帶蕨
大武山自然保留區,2007,Diplazium amamianum,奄美雙蓋蕨
大武山自然保留區,2007,Daphniphyllum glaucescens subsp. oldhamii,奧氏虎皮楠
大武山自然保留區,2007,Alpinia shimadae var. kawakamii,川上氏月桃
大武山自然保留區,2007,Symplocos heishanensis,平遮那灰木
大武山自然保留區,2007,Woodwardia japonica,日本狗脊蕨
大武山自然保留區,2007,Ilex hayatana,早田氏冬青
大武山自然保留區,2007,Symplocos stellaris,枇杷葉灰木
大武山自然保留區,2007,Cleyera japonica var. morii,森氏紅淡比
大武山自然保留區,2007,Ampelopsis brevipedunculata var. hancei,漢氏山葡萄
大武山自然保留區,2007,Bulbophyllum macraei,烏來捲瓣蘭
大武山自然保留區,2007,Hydrangea angustipetala,狹瓣八仙花
大武山自然保留區,2007,Pteris wallichiana,瓦氏鳳尾蕨
大武山自然保留區,2007,Asplenium normale,生芽鐵角蕨
大武山自然保留區,2007,Lithocarpus harlandii,短尾葉石櫟
大武山自然保留區,2007,Rhus javanica var. roxburghii,羅氏鹽膚木
大武山自然保留區,2007,Sarcopyramis napalensis var. bodinieri,肉穗野牡丹
大武山自然保留區,2007,Asplenium nidus,臺灣山蘇花
大武山自然保留區,2007,Tetrastigma umbellatum,臺灣崖爬藤
大武山自然保留區,2007,Reevesia formosana,臺灣梭羅樹
大武山自然保留區,2007,Polypodium formosanum,臺灣水龍骨
大武山自然保留區,2007,Plagiogyria formosana,臺灣瘤足蕨
大武山自然保留區,2007,Acer morrisonense,臺灣紅榨槭
大武山自然保留區,2007,Hypericum formosanum,臺灣金絲桃
大武山自然保留區,2007,Ainsliaea latifolia subsp. henryi,臺灣鬼督郵
大武山自然保留區,2007,Dryopteris formosana,臺灣鱗毛蕨
大武山自然保留區,2007,Plagiogyria euphlebia,華中瘤足蕨
大武山自然保留區,2007,Casearia membranacea,薄葉嘉賜木
大武山自然保留區,2007,Rubus mesogaeus,裡白懸鉤子
大武山自然保留區,2007,Rubus corchorifolius,變葉懸鉤子
大武山自然保留區,2007,Liparis condylobulbon,長腳羊耳蒜
大武山自然保留區,2007,Litsea acuminata,長葉木薑子
大武山自然保留區,2007,Thelasis pygmaea,閉花八粉蘭
大武山自然保留區,2007,Ophiopogon intermedius,間型沿階草
大武山自然保留區,2007,Elatostema platyphylloides,闊葉樓梯草
大武山自然保留區,2007,Smilax arisanensis,阿里山菝葜
大武山自然保留區,2007,Arachniodes rhomboidea,斜方複葉耳蕨
大武山自然保留區,2007,Rhynchotechum discolor,異色線柱苣苔
大武山自然保留區,2007,Osmunda banksiifolia,粗齒革葉紫萁
大武山自然保留區,2007,Arachniodes aristata,細葉複葉耳蕨
大武山自然保留區,2007,Araiostegia parvipinnula,臺灣小膜蓋蕨
大武山自然保留區,2007,Pourthiaea beauverdiana var. notabilis,臺灣老葉兒樹
大武山自然保留區,2007,Aspidistra elatior var. attenuata,臺灣蜘蛛抱蛋
大武山自然保留區,2007,Neolitsea acuminatissima,高山新木薑子
大武山自然保留區,2007,Nertera nigricarpa,黑果深柱夢草
大武山自然保留區,2007,Pteris semipinnata,半邊羽裂鳳尾蕨
大武山自然保留區,2007,Diplazium dilatatum,廣葉鋸齒雙蓋蕨
插天山自然保留區,2003,Rubus buergeri,寒莓
插天山自然保留區,2003,Elaeocarpus sylvestris,杜英
插天山自然保留區,2003,Histiopteris incisa,栗蕨
插天山自然保留區,2003,Lepisorus thunbergianus,瓦葦
插天山自然保留區,2003,Stauntonia obovatifoliola,石月
插天山自然保留區,2003,Machilus thunbergii,紅楠
插天山自然保留區,2003,Chamaecyparis formosensis,紅檜
插天山自然保留區,2003,Smilax china,菝葜
插天山自然保留區,2003,Mecodium badium,蕗蕨
插天山自然保留區,2003,Elaeocarpus japonicus,薯豆
插天山自然保留區,2003,Acer serrulatum,青楓
插天山自然保留區,2003,Smilacina japonica,鹿藥
插天山自然保留區,2003,Damnacanthus indicus,伏牛花
插天山自然保留區,2003,Eurya crenatifolia,假柃木
插天山自然保留區,2003,Viburnum sympodiale,假繡球
插天山自然保留區,2003,Smilax bracteata,假菝葜
插天山自然保留區,2003,Ternstroemia gymnanthera,厚皮香
插天山自然保留區,2003,Lepisorus obscurevenulosus,奧瓦葦
插天山自然保留區,2003,Acer kawakamii,尖葉槭
插天山自然保留區,2003,Eriobotrya deflexa,山枇杷
插天山自然保留區,2003,Prunus campanulata,山櫻花
插天山自然保留區,2003,Symplocos glauca,山羊耳
插天山自然保留區,2003,Polygonum thunbergii,戟葉蓼
插天山自然保留區,2003,Trochodendron aralioides,昆欄樹
插天山自然保留區,2003,Vittaria flexuosa,書帶蕨
插天山自然保留區,2003,Rhus succedanea,木蠟樹
插天山自然保留區,2003,Xiphopteris okuboi,梳葉蕨
插天山自然保留區,2003,Vaccinium japonicum var. lasiostemon,毛蕊花
插天山自然保留區,2003,Quercus sessilifolia,毽子櫟
插天山自然保留區,2003,Sycopsis sinensis,水絲梨
插天山自然保留區,2003,Michelia compressa,烏心石
插天山自然保留區,2003,Cyclobalanopsis stenophylloides,狹葉櫟
插天山自然保留區,2003,Plagiogyria rankanensis,瘤足蕨
插天山自然保留區,2003,Ardisia crispa,百兩金
插天山自然保留區,2003,Lysionotus pauciflorus,石吊蘭
插天山自然保留區,2003,Eustigma oblongifolium,秀柱花
插天山自然保留區,2003,Monachosorum henryi,稀子蕨
插天山自然保留區,2003,Cleyera japonica,紅淡比
插天山自然保留區,2003,Ardisia japonica,紫金牛
插天山自然保留區,2003,Arthromeris lehmannii,肢節蕨
插天山自然保留區,2003,Selaginella tamariscina,萬年松
插天山自然保留區,2003,Rhododendron leptosanthum,西施花
插天山自然保留區,2003,Quercus longinux,錐果櫟
插天山自然保留區,2003,Ardisia cornudentata,雨傘仔
插天山自然保留區,2003,Quercus glauca,青剛櫟
插天山自然保留區,2003,Pileostegia viburnoides,青棉花
插天山自然保留區,2003,Acrophorus stipellatus,魚鱗蕨
插天山自然保留區,2003,Goodyera velutina,鳥嘴蓮
插天山自然保留區,2003,Coptis quinquefolia,五葉黃連
插天山自然保留區,2003,Perrottetia arisanensis,佩羅特木
插天山自然保留區,2003,Kadsura japonica,南五味子
插天山自然保留區,2003,Eurya glaberrima,厚葉柃木
插天山自然保留區,2003,Viburnum luzonicum,呂宋莢迷
插天山自然保留區,2003,Symplocos setchuensis,四川灰木
插天山自然保留區,2003,Ilex goshiensis,圓葉冬青
插天山自然保留區,2003,Prunus phaeosticta,墨點櫻桃
插天山自然保留區,2003,Viburnum urceolatum,壺花莢迷
插天山自然保留區,2003,Asarum macranthum,大花細辛
插天山自然保留區,2003,Lithocarpus kawakamii,大葉石櫟
插天山自然保留區,2003,Selaginella involvens,密葉卷柏
插天山自然保留區,2003,Itea parviflora,小花鼠刺
插天山自然保留區,2003,Pourthiaea villosa var. parvifolia,小葉石楠
插天山自然保留區,2003,Polystichum parvipinnulum,尖葉耳蕨
插天山自然保留區,2003,Symplocos caudata,尾葉灰木
插天山自然保留區,2003,Callicarpa randaiensis,巒大紫珠
插天山自然保留區,2003,Ligustrum liukiuense,日本女貞
插天山自然保留區,2003,Aucuba japonica,東瀛珊瑚
插天山自然保留區,2003,Microsorum buergerianum,波氏星蕨
插天山自然保留區,2003,Skimmia reevesiana,深紅茵芋
插天山自然保留區,2003,Viburnum foetidum var. rectangulatum,狹葉莢迷
插天山自然保留區,2003,Yushania niitakayamensis,玉山箭竹
插天山自然保留區,2003,Selaginella doederleinii,生根卷柏
插天山自然保留區,2003,Osmanthus heterophyllus,異葉木犀
插天山自然保留區,2003,Illicium anisatum,白花八角
插天山自然保留區,2003,Pyrrosia sheareri,盧山石葦
插天山自然保留區,2003,Eurya strigillosa,粗毛柃木
插天山自然保留區,2003,Eurya loquaiana,細枝柃木
插天山自然保留區,2003,Trachelospermum gracilipes,細梗絡石
插天山自然保留區,2003,Camellia tenuifolia,細葉山茶
插天山自然保留區,2003,Callicarpa pilosissima,細葉紫珠
插天山自然保留區,2003,Mecodium polyanthos,細葉蕗蕨
插天山自然保留區,2003,Viola formosana,臺灣堇菜
插天山自然保留區,2003,Berberis kawakamii,臺灣小檗
插天山自然保留區,2003,Chamaecyparis obtusa var. formosana,臺灣扁柏
插天山自然保留區,2003,Rhododendron formosanum,臺灣杜鵑
插天山自然保留區,2003,Adinandra formosana,臺灣楊桐
插天山自然保留區,2003,Dendropanax dentiger,臺灣樹參
插天山自然保留區,2003,Huperzia taiwanense,臺灣石松
插天山自然保留區,2003,Ilex ficoidea,臺灣糊樗
插天山自然保留區,2003,Actinidia chinensis var. setosa,臺灣羊桃
插天山自然保留區,2003,Rhus ambigua,臺灣藤漆
插天山自然保留區,2003,Malus doumeri,臺灣蘋果
插天山自然保留區,2003,Alnus formosana,臺灣赤楊
插天山自然保留區,2003,Tsuga chinensis var. formosana,臺灣鐵杉
插天山自然保留區,2003,Rubus trianthus,苦懸鉤子
插天山自然保留區,2003,Colysis wrightii,萊氏線蕨
插天山自然保留區,2003,Eurya leptophylla,薄葉柃木
插天山自然保留區,2003,Pellionia radicans,赤車使者
插天山自然保留區,2003,Polystichum hancockii,韓氏耳蕨
插天山自然保留區,2003,Hymenophyllum holochilum,南洋厚壁蕨
插天山自然保留區,2003,Davallia formosana,大葉骨碎補
插天山自然保留區,2003,Ilex sugerokii var. brevipedunculata,太平山冬青
插天山自然保留區,2003,Daphniphyllum glaucescens subsp. oldhamii,奧氏虎皮楠
插天山自然保留區,2003,Asplenium wilfordii,威氏鐵角蕨
插天山自然保留區,2003,Ilex lonicerifolia,忍冬葉冬青
插天山自然保留區,2003,Rubus swinhoei,斯氏懸鉤子
插天山自然保留區,2003,Lasianthus japonicus,日本雞屎樹
插天山自然保留區,2003,Ilex hayatana,早田氏冬青
插天山自然保留區,2003,Symplocos wikstroemiifolia,月桂葉灰木
插天山自然保留區,2003,Ilex lonicerifolia var. matsudae,松田氏冬青
插天山自然保留區,2003,Viburnum erosum,松田氏莢迷
插天山自然保留區,2003,Barthea barthei,深山野牡丹
插天山自然保留區,2003,Damnacanthus angustifolius,無刺伏牛花
插天山自然保留區,2003,Hydrangea angustipetala,狹瓣八仙花
插天山自然保留區,2003,Dryopteris labordei,疏葉鱗毛蕨
插天山自然保留區,2003,Microtropis fokienensis,福建賽衛矛
插天山自然保留區,2003,Liriope minor var. angustissima,細葉麥門冬
插天山自然保留區,2003,Asplenium nidus,臺灣山蘇花
插天山自然保留區,2003,Acer palmatum var. pubescens,臺灣掌葉槭
插天山自然保留區,2003,Fagus hayatae,臺灣水青岡
插天山自然保留區,2003,Plagiogyria formosana,臺灣瘤足蕨
插天山自然保留區,2003,Acer morrisonense,臺灣紅榨槭
插天山自然保留區,2003,Tripterospermum taiwanense,臺灣肺形草
插天山自然保留區,2003,Pieris taiwanensis,臺灣馬醉木
插天山自然保留區,2003,Ainsliaea latifolia subsp. henryi,臺灣鬼督郵
插天山自然保留區,2003,Plagiogyria euphlebia,華中瘤足蕨
插天山自然保留區,2003,Dryopteris sordidipes,落鱗鱗毛蕨
插天山自然保留區,2003,Daphniphyllum himalayense subsp. macropodum,薄葉虎皮楠
插天山自然保留區,2003,Elatostema trilobulatum,裂葉樓梯草
插天山自然保留區,2003,Rubus corchorifolius,變葉懸鉤子
插天山自然保留區,2003,Castanopsis cuspidata var. carlesii,長尾尖葉櫧
插天山自然保留區,2003,Cleyera japonica var. longicarpa,長果紅淡比
插天山自然保留區,2003,Litsea acuminata,長葉木薑子
插天山自然保留區,2003,Symplocos arisanensis,阿里山灰木
插天山自然保留區,2003,Smilax arisanensis,阿里山菝葜
插天山自然保留區,2003,Litsea elongata var. mushaensis,霧社木薑子
插天山自然保留區,2003,Ardisia virens,黑星紫金牛
插天山自然保留區,2003,Symplocos sasakii,佐佐木氏灰木
插天山自然保留區,2003,Diplazium kawakamii,川上氏雙蓋蕨
插天山自然保留區,2003,Arachniodes rhomboidea,斜方複葉耳蕨
插天山自然保留區,2003,Araiostegia parvipinnula,臺灣小膜蓋蕨
插天山自然保留區,2003,Neolitsea aciculata var. variabillima,變葉新木薑子
插天山自然保留區,2003,Polypodium amoenum,阿里山水龍骨
插天山自然保留區,2003,Athyrium arisanense,阿里山蹄蓋蕨
插天山自然保留區,2003,Ainsliaea macroclinidioides,阿里山鬼督郵
插天山自然保留區,2003,Neolitsea acuminatissima,高山新木薑子
插天山自然保留區,2003,Sarcopyramis napalensis var. delicata,東方肉穗野牡丹
插天山自然保留區,2004,Miscanthus sinensis,芒
插天山自然保留區,2004,Rubus rosifolius,刺莓
插天山自然保留區,2004,Lyonia ovalifolia,南燭
插天山自然保留區,2004,Rubus buergeri,寒莓
插天山自然保留區,2004,Elaeocarpus sylvestris,杜英
插天山自然保留區,2004,Histiopteris incisa,栗蕨
插天山自然保留區,2004,Beilschmiedia erythrophloia,瓊楠
插天山自然保留區,2004,Lepisorus thunbergianus,瓦葦
插天山自然保留區,2004,Stauntonia obovatifoliola,石月
插天山自然保留區,2004,Pyrrosia lingua,石葦
插天山自然保留區,2004,Ilex formosana,糊樗
插天山自然保留區,2004,Machilus thunbergii,紅楠
插天山自然保留區,2004,Chamaecyparis formosensis,紅檜
插天山自然保留區,2004,Callicarpa dichotoma,紫珠
插天山自然保留區,2004,Meliosma squamulata,綠樟
插天山自然保留區,2004,Nephrolepis auriculata,腎蕨
插天山自然保留區,2004,Bischofia javanica,茄苳
插天山自然保留區,2004,Smilax china,菝葜
插天山自然保留區,2004,Mecodium badium,蕗蕨
插天山自然保留區,2004,Elaeocarpus japonicus,薯豆
插天山自然保留區,2004,Quercus morii,赤柯
插天山自然保留區,2004,Quercus gilva,赤皮
插天山自然保留區,2004,Mallotus japonicus,野桐
插天山自然保留區,2004,Acer serrulatum,青楓
插天山自然保留區,2004,Piper kadsura,風藤
插天山自然保留區,2004,Cinnamomum subavenium,香桂
插天山自然保留區,2004,Machilus zuihoensis,香楠
插天山自然保留區,2004,Engelhardia roxburghiana,黃杞
插天山自然保留區,2004,Damnacanthus indicus,伏牛花
插天山自然保留區,2004,Lemmaphyllum microphyllum,伏石蕨
插天山自然保留區,2004,Eurya crenatifolia,假柃木
插天山自然保留區,2004,Viburnum sympodiale,假繡球
插天山自然保留區,2004,Dysosma pleiantha,八角蓮
插天山自然保留區,2004,Cryptocarya chinensis,厚殼桂
插天山自然保留區,2004,Ternstroemia gymnanthera,厚皮香
插天山自然保留區,2004,Myrsine seguinii,大明橘
插天山自然保留區,2004,Machilus japonica var. kusanoi,大葉楠
插天山自然保留區,2004,Gordonia axillaris,大頭茶
插天山自然保留區,2004,Ficus formosana,天仙果
插天山自然保留區,2004,Acer kawakamii,尖葉槭
插天山自然保留區,2004,Alpinia intermedia,山月桃
插天山自然保留區,2004,Maesa japonica,山桂花
插天山自然保留區,2004,Idesia polycarpa,山桐子
插天山自然保留區,2004,Prunus campanulata,山櫻花
插天山自然保留區,2004,Prunus transarisanensis var. takasagomontana,山白櫻
插天山自然保留區,2004,Diospyros morrisiana,山紅柿
插天山自然保留區,2004,Symplocos glauca,山羊耳
插天山自然保留區,2004,Litsea cubeba,山胡椒
插天山自然保留區,2004,Asplenium antiquum,山蘇花
插天山自然保留區,2004,Symplocos theophrastifolia,山豬肝
插天山自然保留區,2004,Turpinia formosana,山香圓
插天山自然保留區,2004,Helicia formosana,山龍眼
插天山自然保留區,2004,Polygonum thunbergii,戟葉蓼
插天山自然保留區,2004,Trochodendron aralioides,昆欄樹
插天山自然保留區,2004,Vittaria flexuosa,書帶蕨
插天山自然保留區,2004,Xiphopteris okuboi,梳葉蕨
插天山自然保留區,2004,Vaccinium japonicum var. lasiostemon,毛蕊花
插天山自然保留區,2004,Quercus sessilifolia,毽子櫟
插天山自然保留區,2004,Sycopsis sinensis,水絲梨
插天山自然保留區,2004,Wendlandia formosana,水金京
插天山自然保留區,2004,Begonia formosana,水鴨腳
插天山自然保留區,2004,Michelia compressa,烏心石
插天山自然保留區,2004,Pyrenaria shinkoensis,烏皮茶
插天山自然保留區,2004,Swida controversa,燈台樹
插天山自然保留區,2004,Ficus erecta var. beecheyana,牛奶榕
插天山自然保留區,2004,Tricalysia dubia,狗骨仔
插天山自然保留區,2004,Sloanea formosana,猴歡喜
插天山自然保留區,2004,Ficus sarmentosa var. nipponica,珍珠蓮
插天山自然保留區,2004,Plagiogyria rankanensis,瘤足蕨
插天山自然保留區,2004,Lysionotus pauciflorus,石吊蘭
插天山自然保留區,2004,Rhaphiolepis indica var. tashiroi,石斑木
插天山自然保留區,2004,Monachosorum henryi,稀子蕨
插天山自然保留區,2004,Cyathea lepifera,筆筒樹
插天山自然保留區,2004,Meliosma rigida,筆羅子
插天山自然保留區,2004,Cleyera japonica,紅淡比
插天山自然保留區,2004,Arthromeris lehmannii,肢節蕨
插天山自然保留區,2004,Sarcandra glabra,草珊瑚
插天山自然保留區,2004,Rubus croceacanthus,虎婆刺
插天山自然保留區,2004,Rhododendron leptosanthum,西施花
插天山自然保留區,2004,Tetradium glabrifolium,賊仔樹
插天山自然保留區,2004,Stachyurus himalaicus,通條樹
插天山自然保留區,2004,Quercus longinux,錐果櫟
插天山自然保留區,2004,Quercus glauca,青剛櫟
插天山自然保留區,2004,Pileostegia viburnoides,青棉花
插天山自然保留區,2004,Lindera communis,香葉樹
插天山自然保留區,2004,Acrophorus stipellatus,魚鱗蕨
插天山自然保留區,2004,Schefflera octophylla,鵝掌柴
插天山自然保留區,2004,Liriope spicata,麥門冬
插天山自然保留區,2004,Litsea hypophaea,黃肉樹
插天山自然保留區,2004,Pasania hancei var. ternaticupula,三斗石櫟
插天山自然保留區,2004,Coptis quinquefolia,五葉黃連
插天山自然保留區,2004,Euonymus spraguei,刺果衛矛
插天山自然保留區,2004,Kadsura japonica,南五味子
插天山自然保留區,2004,Eurya glaberrima,厚葉柃木
插天山自然保留區,2004,Viburnum luzonicum,呂宋莢迷
插天山自然保留區,2004,Ilex goshiensis,圓葉冬青
插天山自然保留區,2004,Prunus phaeosticta,墨點櫻桃
插天山自然保留區,2004,Viburnum urceolatum,壺花莢迷
插天山自然保留區,2004,Asarum macranthum,大花細辛
插天山自然保留區,2004,Pittosporum daphniphylloides,大葉海桐
插天山自然保留區,2004,Vaccinium wrightii,大葉越橘
插天山自然保留區,2004,Selaginella involvens,密葉卷柏
插天山自然保留區,2004,Itea parviflora,小花鼠刺
插天山自然保留區,2004,Osmanthus marginatus,小葉木犀
插天山自然保留區,2004,Pourthiaea villosa var. parvifolia,小葉石楠
插天山自然保留區,2004,Syzygium buxifolium,小葉赤楠
插天山自然保留區,2004,Polystichum parvipinnulum,尖葉耳蕨
插天山自然保留區,2004,Symplocos caudata,尾葉灰木
插天山自然保留區,2004,Callicarpa randaiensis,巒大紫珠
插天山自然保留區,2004,Smilax bockii,平柄菝葜
插天山自然保留區,2004,Lepisorus monilisorus,擬笈瓦葦
插天山自然保留區,2004,Phyllanthus oligospermus,新竹油柑
插天山自然保留區,2004,Ligustrum liukiuense,日本女貞
插天山自然保留區,2004,Microsorum buergerianum,波氏星蕨
插天山自然保留區,2004,Skimmia reevesiana,深紅茵芋
插天山自然保留區,2004,Polygonum chinense,火炭母草
插天山自然保留區,2004,Ilex uraiensis,烏來冬青
插天山自然保留區,2004,Viburnum foetidum var. rectangulatum,狹葉莢迷
插天山自然保留區,2004,Symplocos morrisonicola,玉山灰木
插天山自然保留區,2004,Yushania niitakayamensis,玉山箭竹
插天山自然保留區,2004,Selaginella doederleinii,生根卷柏
插天山自然保留區,2004,Selaginella moellendorffii,異葉卷柏
插天山自然保留區,2004,Osmanthus heterophyllus,異葉木犀
插天山自然保留區,2004,Illicium anisatum,白花八角
插天山自然保留區,2004,Daphne kiusiana var. atrocaulis,白花瑞香
插天山自然保留區,2004,Pyrrosia sheareri,盧山石葦
插天山自然保留區,2004,Huperzia fordii,福氏石松
插天山自然保留區,2004,Eurya loquaiana,細枝柃木
插天山自然保留區,2004,Camellia tenuifolia,細葉山茶
插天山自然保留區,2004,Mecodium polyanthos,細葉蕗蕨
插天山自然保留區,2004,Viola formosana,臺灣堇菜
插天山自然保留區,2004,Chamaecyparis obtusa var. formosana,臺灣扁柏
插天山自然保留區,2004,Rhododendron formosanum,臺灣杜鵑
插天山自然保留區,2004,Adinandra formosana,臺灣楊桐
插天山自然保留區,2004,Dendropanax dentiger,臺灣樹參
插天山自然保留區,2004,Achyranthes aspera var. rubrofusca,臺灣牛膝
插天山自然保留區,2004,Huperzia taiwanense,臺灣石松
插天山自然保留區,2004,Pourthiaea lucida,臺灣石楠
插天山自然保留區,2004,Cephalotaxus wilsoniana,臺灣粗榧
插天山自然保留區,2004,Rhus ambigua,臺灣藤漆
插天山自然保留區,2004,Malus doumeri,臺灣蘋果
插天山自然保留區,2004,Tsuga chinensis var. formosana,臺灣鐵杉
插天山自然保留區,2004,Crepidomanes birmanicum,華東瓶蕨
插天山自然保留區,2004,Rhododendron kawakamii,著生杜鵑
插天山自然保留區,2004,Piper sintenense,薄葉風藤
插天山自然保留區,2004,Strobilanthes rankanensis,蘭崁馬藍
插天山自然保留區,2004,Pellionia radicans,赤車使者
插天山自然保留區,2004,Oreocnide pedunculata,長梗紫麻
插天山自然保留區,2004,Ilex tugitakayamensis,雪山冬青
插天山自然保留區,2004,Polystichum hancockii,韓氏耳蕨
插天山自然保留區,2004,Diplopterygium laevissimum,鱗芽裏白
插天山自然保留區,2004,Liparis bootanensis,一葉羊耳蒜
插天山自然保留區,2004,Shortia rotundifolia var. subcordata,圓葉裂緣花
插天山自然保留區,2004,Hydrangea integrifolia,大枝掛繡球
插天山自然保留區,2004,Ilex sugerokii var. brevipedunculata,太平山冬青
插天山自然保留區,2004,Daphniphyllum glaucescens subsp. oldhamii,奧氏虎皮楠
插天山自然保留區,2004,Asplenium wilfordii,威氏鐵角蕨
插天山自然保留區,2004,Berchemia lineata,小葉黃鱔藤
插天山自然保留區,2004,Ardisia brevicaulis,屯鹿紫金牛
插天山自然保留區,2004,Ilex lonicerifolia,忍冬葉冬青
插天山自然保留區,2004,Rubus swinhoei,斯氏懸鉤子
插天山自然保留區,2004,Symplocos wikstroemiifolia,月桂葉灰木
插天山自然保留區,2004,Ilex lonicerifolia var. matsudae,松田氏冬青
插天山自然保留區,2004,Cleyera japonica var. morii,森氏紅淡比
插天山自然保留區,2004,Symplocos congesta,楊桐葉灰木
插天山自然保留區,2004,Mussaenda pubescens,毛玉葉金花
插天山自然保留區,2004,Barthea barthei,深山野牡丹
插天山自然保留區,2004,Damnacanthus angustifolius,無刺伏牛花
插天山自然保留區,2004,Hydrangea angustipetala,狹瓣八仙花
插天山自然保留區,2004,Cyrtomium hookerianum,狹葉貫眾蕨
插天山自然保留區,2004,Photinia niitakayamensis,玉山假沙梨
插天山自然保留區,2004,Ardisia cornudentata subsp. morrisonensis,玉山紫金牛
插天山自然保留區,2004,Hylodesmum laterale,琉球山螞蝗
插天山自然保留區,2004,Lasianthus fordii,琉球雞屎樹
插天山自然保留區,2004,Asplenium normale,生芽鐵角蕨
插天山自然保留區,2004,Lithocarpus harlandii,短尾葉石櫟
插天山自然保留區,2004,Pilea aquarum subsp. brevicornuta,短角冷水麻
插天山自然保留區,2004,Microtropis fokienensis,福建賽衛矛
插天山自然保留區,2004,Microlepia strigosa,粗毛鱗蓋蕨
插天山自然保留區,2004,Impatiens uniflora,紫花鳳仙花
插天山自然保留區,2004,Diplazium formosanum,網脈雙蓋蕨
插天山自然保留區,2004,Plagiogyria stenoptera,耳形瘤足蕨
插天山自然保留區,2004,Sarcopyramis napalensis var. bodinieri,肉穗野牡丹
插天山自然保留區,2004,Maesa perlaria var. formosana,臺灣山桂花
插天山自然保留區,2004,Euchresta formosana,臺灣山豆根
插天山自然保留區,2004,Acer palmatum var. pubescens,臺灣掌葉槭
插天山自然保留區,2004,Calanthe speciosa,臺灣根節蘭
插天山自然保留區,2004,Plagiogyria formosana,臺灣瘤足蕨
插天山自然保留區,2004,Acer morrisonense,臺灣紅榨槭
插天山自然保留區,2004,Tripterospermum taiwanense,臺灣肺形草
插天山自然保留區,2004,Helonias umbellata,臺灣胡麻花
插天山自然保留區,2004,Anoectochilus formosanus,臺灣金線蓮
插天山自然保留區,2004,Plagiogyria euphlebia,華中瘤足蕨
插天山自然保留區,2004,Dryopteris sordidipes,落鱗鱗毛蕨
插天山自然保留區,2004,Carpinus rankanensis,蘭邯千金榆
插天山自然保留區,2004,Rubus corchorifolius,變葉懸鉤子
插天山自然保留區,2004,Castanopsis cuspidata var. carlesii,長尾尖葉櫧
插天山自然保留區,2004,Huperzia serrata var. longipetiolata,長柄千層塔
插天山自然保留區,2004,Litsea acuminata,長葉木薑子
插天山自然保留區,2004,Symplocos arisanensis,阿里山灰木
插天山自然保留區,2004,Stellaria arisanensis,阿里山繁縷
插天山自然保留區,2004,Skimmia arisanensis,阿里山茵芋
插天山自然保留區,2004,Smilax arisanensis,阿里山菝葜
插天山自然保留區,2004,Litsea elongata var. mushaensis,霧社木薑子
插天山自然保留區,2004,Ctenitis apiciflora,頂囊肋毛蕨
插天山自然保留區,2004,Salvia nipponica var. formosana,黃花鼠尾草
插天山自然保留區,2004,Ardisia virens,黑星紫金牛
插天山自然保留區,2004,Clematis henryi,亨利氏鐵線蓮
插天山自然保留區,2004,Symplocos sasakii,佐佐木氏灰木
插天山自然保留區,2004,Asplenium neolaserpitiifolium,大黑柄鐵角蕨
插天山自然保留區,2004,Diplazium kawakamii,川上氏雙蓋蕨
插天山自然保留區,2004,Arachniodes rhomboidea,斜方複葉耳蕨
插天山自然保留區,2004,Rhynchotechum discolor,異色線柱苣苔
插天山自然保留區,2004,Nertera granadensis,紅果深柱夢草
插天山自然保留區,2004,Disporopsis taiwanensis,臺灣假寶鐸花
插天山自然保留區,2004,Fatsia polycarpa,臺灣八角金盤
插天山自然保留區,2004,Araiostegia parvipinnula,臺灣小膜蓋蕨
插天山自然保留區,2004,Neolitsea aciculata var. variabillima,變葉新木薑子
插天山自然保留區,2004,Calanthe arisanensis,阿里山根節蘭
插天山自然保留區,2004,Polypodium amoenum,阿里山水龍骨
插天山自然保留區,2004,Ainsliaea macroclinidioides,阿里山鬼督郵
插天山自然保留區,2004,Dryopteris squamiseta,阿里山鱗毛蕨
插天山自然保留區,2004,Neolitsea acuminatissima,高山新木薑子
插天山自然保留區,2004,Erycibe henryi,亨利氏伊立基藤
插天山自然保留區,2004,Diplazium petrii,廣葉深山雙蓋蕨
插天山自然保留區,2004,Diplazium dilatatum,廣葉鋸齒雙蓋蕨
插天山自然保留區,2004,Arachniodes festina,臺灣兩面複葉耳蕨
插天山自然保留區,2006,Miscanthus sinensis,芒
插天山自然保留區,2006,Alpinia japonica,山薑
插天山自然保留區,2006,Stauntonia obovatifoliola,石月
插天山自然保留區,2006,Pyrrosia lingua,石葦
插天山自然保留區,2006,Machilus thunbergii,紅楠
插天山自然保留區,2006,Chamaecyparis formosensis,紅檜
插天山自然保留區,2006,Elaphoglossum yoshinagae,舌蕨
插天山自然保留區,2006,Elaeocarpus japonicus,薯豆
插天山自然保留區,2006,Quercus gilva,赤皮
插天山自然保留區,2006,Piper kadsura,風藤
插天山自然保留區,2006,Cinnamomum subavenium,香桂
插天山自然保留區,2006,Damnacanthus indicus,伏牛花
插天山自然保留區,2006,Lemmaphyllum microphyllum,伏石蕨
插天山自然保留區,2006,Viburnum sympodiale,假繡球
插天山自然保留區,2006,Huperzia serrata,千層塔
插天山自然保留區,2006,Ternstroemia gymnanthera,厚皮香
插天山自然保留區,2006,Maesa japonica,山桂花
插天山自然保留區,2006,Prunus campanulata,山櫻花
插天山自然保留區,2006,Asplenium antiquum,山蘇花
插天山自然保留區,2006,Trochodendron aralioides,昆欄樹
插天山自然保留區,2006,Vittaria flexuosa,書帶蕨
插天山自然保留區,2006,Xiphopteris okuboi,梳葉蕨
插天山自然保留區,2006,Vaccinium japonicum var. lasiostemon,毛蕊花
插天山自然保留區,2006,Quercus sessilifolia,毽子櫟
插天山自然保留區,2006,Oplismenus hirtellus,求米草
插天山自然保留區,2006,Michelia compressa,烏心石
插天山自然保留區,2006,Pyrenaria shinkoensis,烏皮茶
插天山自然保留區,2006,Ardisia crenata,珠砂根
插天山自然保留區,2006,Lysionotus pauciflorus,石吊蘭
插天山自然保留區,2006,Monachosorum henryi,稀子蕨
插天山自然保留區,2006,Prosaptia contigua,穴子蕨
插天山自然保留區,2006,Ardisia japonica,紫金牛
插天山自然保留區,2006,Arthromeris lehmannii,肢節蕨
插天山自然保留區,2006,Myrsine stolonifera,蔓竹杞
插天山自然保留區,2006,Rubus croceacanthus,虎婆刺
插天山自然保留區,2006,Rhododendron leptosanthum,西施花
插天山自然保留區,2006,Quercus longinux,錐果櫟
插天山自然保留區,2006,Pileostegia viburnoides,青棉花
插天山自然保留區,2006,Acrophorus stipellatus,魚鱗蕨
插天山自然保留區,2006,Tetrastigma bioritsense,三腳虌草
插天山自然保留區,2006,Selaginella delicatula,全緣卷柏
插天山自然保留區,2006,Vaccinium emarginatum,凹葉越橘
插天山自然保留區,2006,Eurya glaberrima,厚葉柃木
插天山自然保留區,2006,Ilex goshiensis,圓葉冬青
插天山自然保留區,2006,Prunus phaeosticta,墨點櫻桃
插天山自然保留區,2006,Viburnum urceolatum,壺花莢迷
插天山自然保留區,2006,Selaginella involvens,密葉卷柏
插天山自然保留區,2006,Itea parviflora,小花鼠刺
插天山自然保留區,2006,Ranunculus cheirophyllus,掌葉毛茛
插天山自然保留區,2006,Microsorum buergerianum,波氏星蕨
插天山自然保留區,2006,Skimmia reevesiana,深紅茵芋
插天山自然保留區,2006,Styrax formosanus,烏皮九芎
插天山自然保留區,2006,Symplocos morrisonicola,玉山灰木
插天山自然保留區,2006,Yushania niitakayamensis,玉山箭竹
插天山自然保留區,2006,Selaginella doederleinii,生根卷柏
插天山自然保留區,2006,Illicium anisatum,白花八角
插天山自然保留區,2006,Berberis mingetsensis,眠月小檗
插天山自然保留區,2006,Eurya loquaiana,細枝柃木
插天山自然保留區,2006,Trachelospermum gracilipes,細梗絡石
插天山自然保留區,2006,Camellia tenuifolia,細葉山茶
插天山自然保留區,2006,Mecodium polyanthos,細葉蕗蕨
插天山自然保留區,2006,Viola formosana,臺灣堇菜
插天山自然保留區,2006,Chamaecyparis obtusa var. formosana,臺灣扁柏
插天山自然保留區,2006,Rhododendron formosanum,臺灣杜鵑
插天山自然保留區,2006,Dendropanax dentiger,臺灣樹參
插天山自然保留區,2006,Trachelospermum formosanum,臺灣絡石
插天山自然保留區,2006,Rhus ambigua,臺灣藤漆
插天山自然保留區,2006,Crepidomanes birmanicum,華東瓶蕨
插天山自然保留區,2006,Eurya leptophylla,薄葉柃木
插天山自然保留區,2006,Pellionia radicans,赤車使者
插天山自然保留區,2006,Oreocnide pedunculata,長梗紫麻
插天山自然保留區,2006,Nephrolepis biserrata,長葉腎蕨
插天山自然保留區,2006,Ilex tugitakayamensis,雪山冬青
插天山自然保留區,2006,Polystichum lepidocaulon,鞭葉耳蕨
插天山自然保留區,2006,Polystichum hancockii,韓氏耳蕨
插天山自然保留區,2006,Plagiogyria dunnii,倒葉瘤足蕨
插天山自然保留區,2006,Schizophragma integrifolium var. fauriei,圓葉鑽地風
插天山自然保留區,2006,Hydrangea integrifolia,大枝掛繡球
插天山自然保留區,2006,Cleyera japonica var. taipinensis,太平紅淡比
插天山自然保留區,2006,Ilex pubescens,密毛假黃楊
插天山自然保留區,2006,Symplocos konishii,小西氏灰木
插天山自然保留區,2006,Symplocos migoi,擬日本灰木
插天山自然保留區,2006,Listera japonica,日本雙葉蘭
插天山自然保留區,2006,Smilax hayatae,早田氏菝葜
插天山自然保留區,2006,Symplocos wikstroemiifolia,月桂葉灰木
插天山自然保留區,2006,Symplocos stellaris,枇杷葉灰木
插天山自然保留區,2006,Davallia mariesii,海州骨碎補
插天山自然保留區,2006,Barthea barthei,深山野牡丹
插天山自然保留區,2006,Diplazium mettenianum,深山雙蓋蕨
插天山自然保留區,2006,Damnacanthus angustifolius,無刺伏牛花
插天山自然保留區,2006,Hydrangea angustipetala,狹瓣八仙花
插天山自然保留區,2006,Ardisia cornudentata subsp. morrisonensis,玉山紫金牛
插天山自然保留區,2006,Asplenium normale,生芽鐵角蕨
插天山自然保留區,2006,Lithocarpus harlandii,短尾葉石櫟
插天山自然保留區,2006,Plagiogyria stenoptera,耳形瘤足蕨
插天山自然保留區,2006,Sarcopyramis napalensis var. bodinieri,肉穗野牡丹
插天山自然保留區,2006,Smilax lanceifolia,臺灣土茯苓
插天山自然保留區,2006,Rubus formosensis,臺灣懸鉤子
插天山自然保留區,2006,Polypodium formosanum,臺灣水龍骨
插天山自然保留區,2006,Plagiogyria formosana,臺灣瘤足蕨
插天山自然保留區,2006,Acer morrisonense,臺灣紅榨槭
插天山自然保留區,2006,Ainsliaea latifolia subsp. henryi,臺灣鬼督郵
插天山自然保留區,2006,Schefflera taiwaniana,臺灣鵝掌柴
插天山自然保留區,2006,Plagiogyria euphlebia,華中瘤足蕨
插天山自然保留區,2006,Daphniphyllum himalayense subsp. macropodum,薄葉虎皮楠
插天山自然保留區,2006,Elatostema trilobulatum,裂葉樓梯草
插天山自然保留區,2006,Rubus corchorifolius,變葉懸鉤子
插天山自然保留區,2006,Litsea acuminata,長葉木薑子
插天山自然保留區,2006,Arisaema consanguineum,長行天南星
插天山自然保留區,2006,Ophiopogon intermedius,間型沿階草
插天山自然保留區,2006,Lonicera acuminata,阿里山忍冬
插天山自然保留區,2006,Symplocos arisanensis,阿里山灰木
插天山自然保留區,2006,Stellaria arisanensis,阿里山繁縷
插天山自然保留區,2006,Smilax arisanensis,阿里山菝葜
插天山自然保留區,2006,Litsea elongata var. mushaensis,霧社木薑子
插天山自然保留區,2006,Ardisia virens,黑星紫金牛
插天山自然保留區,2006,Diplazium kawakamii,川上氏雙蓋蕨
插天山自然保留區,2006,Elatostema microcephalanthum,微頭花樓梯草
插天山自然保留區,2006,Arachniodes rhomboidea,斜方複葉耳蕨
插天山自然保留區,2006,Araiostegia parvipinnula,臺灣小膜蓋蕨
插天山自然保留區,2006,Oxalis acetosella subsp. formosana,臺灣山酢漿草
插天山自然保留區,2006,Neolitsea aciculata,銳葉新木薑子
插天山自然保留區,2006,Neolitsea acuminatissima,高山新木薑子
插天山自然保留區,2006,Nertera nigricarpa,黑果深柱夢草
插天山自然保留區,2006,Diplazium dilatatum,廣葉鋸齒雙蓋蕨
插天山自然保留區,2007,Alpinia japonica,山薑
插天山自然保留區,2007,Schima superba,木荷
插天山自然保留區,2007,Histiopteris incisa,栗蕨
插天山自然保留區,2007,Vandenboschia auriculata,瓶蕨
插天山自然保留區,2007,Pyrrosia lingua,石葦
插天山自然保留區,2007,Machilus thunbergii,紅楠
插天山自然保留區,2007,Elaphoglossum yoshinagae,舌蕨
插天山自然保留區,2007,Cinnamomum subavenium,香桂
插天山自然保留區,2007,Machilus zuihoensis,香楠
插天山自然保留區,2007,Damnacanthus indicus,伏牛花
插天山自然保留區,2007,Ficus formosana,天仙果
插天山自然保留區,2007,Maesa japonica,山桂花
插天山自然保留區,2007,Symplocos glauca,山羊耳
插天山自然保留區,2007,Oplismenus hirtellus,求米草
插天山自然保留區,2007,Pyrenaria shinkoensis,烏皮茶
插天山自然保留區,2007,Lysionotus pauciflorus,石吊蘭
插天山自然保留區,2007,Monachosorum henryi,稀子蕨
插天山自然保留區,2007,Prosaptia contigua,穴子蕨
插天山自然保留區,2007,Helicia cochinchinensis,紅葉樹
插天山自然保留區,2007,Sarcandra glabra,草珊瑚
插天山自然保留區,2007,Pileostegia viburnoides,青棉花
插天山自然保留區,2007,Lindera communis,香葉樹
插天山自然保留區,2007,Pasania hancei var. ternaticupula,三斗石櫟
插天山自然保留區,2007,Prunus phaeosticta,墨點櫻桃
插天山自然保留區,2007,Osmanthus matsumuranus,大葉木犀
插天山自然保留區,2007,Itea parviflora,小花鼠刺
插天山自然保留區,2007,Symplocos caudata,尾葉灰木
插天山自然保留區,2007,Selaginella doederleinii,生根卷柏
插天山自然保留區,2007,Strobilanthes rankanensis,蘭崁馬藍
插天山自然保留區,2007,Aralia armata,虎刺蔥木
插天山自然保留區,2007,Phaius flavus,黃鶴頂蘭
插天山自然保留區,2007,Tetrastigma formosanum,三葉崖爬藤
插天山自然保留區,2007,Cleyera japonica var. taipinensis,太平紅淡比
插天山自然保留區,2007,Cleyera japonica var. morii,森氏紅淡比
插天山自然保留區,2007,Asplenium normale,生芽鐵角蕨
插天山自然保留區,2007,Sarcopyramis napalensis var. bodinieri,肉穗野牡丹
插天山自然保留區,2007,Smilax lanceifolia,臺灣土茯苓
插天山自然保留區,2007,Polypodium formosanum,臺灣水龍骨
插天山自然保留區,2007,Elatostema trilobulatum,裂葉樓梯草
插天山自然保留區,2007,Castanopsis cuspidata var. carlesii,長尾尖葉櫧
插天山自然保留區,2007,Litsea acuminata,長葉木薑子
插天山自然保留區,2007,Diplazium kawakamii,川上氏雙蓋蕨
插天山自然保留區,2007,Arachniodes rhomboidea,斜方複葉耳蕨
插天山自然保留區,2007,Arachniodes aristata,細葉複葉耳蕨
插天山自然保留區,2007,Lasianthus appressihirtus var. maximus,大葉密毛雞屎樹
插天山自然保留區,2007,Diplazium petrii,廣葉深山雙蓋蕨
插天山自然保留區,2007,Diplazium dilatatum,廣葉鋸齒雙蓋蕨
鴛鴦湖自然保留區,2005,Lyonia ovalifolia,南燭
鴛鴦湖自然保留區,2005,Maclura cochinchinensis,柘樹
鴛鴦湖自然保留區,2005,Lepisorus thunbergianus,瓦葦
鴛鴦湖自然保留區,2005,Vandenboschia auriculata,瓶蕨
鴛鴦湖自然保留區,2005,Myriactis humilis,矮菊
鴛鴦湖自然保留區,2005,Stauntonia obovatifoliola,石月
鴛鴦湖自然保留區,2005,Ilex formosana,糊樗
鴛鴦湖自然保留區,2005,Chamaecyparis formosensis,紅檜
鴛鴦湖自然保留區,2005,Dictyocline griffithii,聖蕨
鴛鴦湖自然保留區,2005,Elaphoglossum yoshinagae,舌蕨
鴛鴦湖自然保留區,2005,Smilax china,菝葜
鴛鴦湖自然保留區,2005,Mecodium badium,蕗蕨
鴛鴦湖自然保留區,2005,Elaeocarpus japonicus,薯豆
鴛鴦湖自然保留區,2005,Diplopterygium glaucum,裏白
鴛鴦湖自然保留區,2005,Cinnamomum subavenium,香桂
鴛鴦湖自然保留區,2005,Smilacina japonica,鹿藥
鴛鴦湖自然保留區,2005,Damnacanthus indicus,伏牛花
鴛鴦湖自然保留區,2005,Eurya crenatifolia,假柃木
鴛鴦湖自然保留區,2005,Viburnum sympodiale,假繡球
鴛鴦湖自然保留區,2005,Huperzia serrata,千層塔
鴛鴦湖自然保留區,2005,Ternstroemia gymnanthera,厚皮香
鴛鴦湖自然保留區,2005,Lepisorus obscurevenulosus,奧瓦葦
鴛鴦湖自然保留區,2005,Peperomia reflexa,小椒草
鴛鴦湖自然保留區,2005,Alpinia intermedia,山月桃
鴛鴦湖自然保留區,2005,Maesa japonica,山桂花
鴛鴦湖自然保留區,2005,Asplenium antiquum,山蘇花
鴛鴦湖自然保留區,2005,Trochodendron aralioides,昆欄樹
鴛鴦湖自然保留區,2005,Vittaria flexuosa,書帶蕨
鴛鴦湖自然保留區,2005,Cyclosorus subpubescens,梳毛蕨
鴛鴦湖自然保留區,2005,Xiphopteris okuboi,梳葉蕨
鴛鴦湖自然保留區,2005,Vaccinium japonicum var. lasiostemon,毛蕊花
鴛鴦湖自然保留區,2005,Ardisia crenata,珠砂根
鴛鴦湖自然保留區,2005,Plagiogyria rankanensis,瘤足蕨
鴛鴦湖自然保留區,2005,Lysionotus pauciflorus,石吊蘭
鴛鴦湖自然保留區,2005,Monachosorum henryi,稀子蕨
鴛鴦湖自然保留區,2005,Vaccinium bracteatum,米飯花
鴛鴦湖自然保留區,2005,Cleyera japonica,紅淡比
鴛鴦湖自然保留區,2005,Ardisia japonica,紫金牛
鴛鴦湖自然保留區,2005,Arthromeris lehmannii,肢節蕨
鴛鴦湖自然保留區,2005,Sarcandra glabra,草珊瑚
鴛鴦湖自然保留區,2005,Myrsine stolonifera,蔓竹杞
鴛鴦湖自然保留區,2005,Rhododendron leptosanthum,西施花
鴛鴦湖自然保留區,2005,Melastoma candidum,野牡丹
鴛鴦湖自然保留區,2005,Lindera erythrocarpa,鐵釘樹
鴛鴦湖自然保留區,2005,Pileostegia viburnoides,青棉花
鴛鴦湖自然保留區,2005,Acrophorus stipellatus,魚鱗蕨
鴛鴦湖自然保留區,2005,Goodyera velutina,鳥嘴蓮
鴛鴦湖自然保留區,2005,Liriope spicata,麥門冬
鴛鴦湖自然保留區,2005,Carex perakensis,黃穗薹
鴛鴦湖自然保留區,2005,Coptis quinquefolia,五葉黃連
鴛鴦湖自然保留區,2005,Machilus japonica,假長葉楠
鴛鴦湖自然保留區,2005,Euonymus spraguei,刺果衛矛
鴛鴦湖自然保留區,2005,Rubus pectinellus,刺萼寒莓
鴛鴦湖自然保留區,2005,Ilex pedunculosa,刻脈冬青
鴛鴦湖自然保留區,2005,Eurya glaberrima,厚葉柃木
鴛鴦湖自然保留區,2005,Viburnum luzonicum,呂宋莢迷
鴛鴦湖自然保留區,2005,Ilex goshiensis,圓葉冬青
鴛鴦湖自然保留區,2005,Prunus phaeosticta,墨點櫻桃
鴛鴦湖自然保留區,2005,Viburnum urceolatum,壺花莢迷
鴛鴦湖自然保留區,2005,Asarum macranthum,大花細辛
鴛鴦湖自然保留區,2005,Osmanthus matsumuranus,大葉木犀
鴛鴦湖自然保留區,2005,Elaphoglossum commutatum,大葉舌蕨
鴛鴦湖自然保留區,2005,Vaccinium wrightii,大葉越橘
鴛鴦湖自然保留區,2005,Smilax discotis,宜蘭菝葜
鴛鴦湖自然保留區,2005,Selaginella involvens,密葉卷柏
鴛鴦湖自然保留區,2005,Itea parviflora,小花鼠刺
鴛鴦湖自然保留區,2005,Symplocos caudata,尾葉灰木
鴛鴦湖自然保留區,2005,Callicarpa randaiensis,巒大紫珠
鴛鴦湖自然保留區,2005,Crypsinus engleri,恩氏茀蕨
鴛鴦湖自然保留區,2005,Ligustrum liukiuense,日本女貞
鴛鴦湖自然保留區,2005,Collabium chinense,柯麗白蘭
鴛鴦湖自然保留區,2005,Loxogramme salicifolia,柳葉劍蕨
鴛鴦湖自然保留區,2005,Microsorum buergerianum,波氏星蕨
鴛鴦湖自然保留區,2005,Skimmia reevesiana,深紅茵芋
鴛鴦湖自然保留區,2005,Styrax formosanus,烏皮九芎
鴛鴦湖自然保留區,2005,Viburnum foetidum var. rectangulatum,狹葉莢迷
鴛鴦湖自然保留區,2005,Symplocos morrisonicola,玉山灰木
鴛鴦湖自然保留區,2005,Yushania niitakayamensis,玉山箭竹
鴛鴦湖自然保留區,2005,Selaginella doederleinii,生根卷柏
鴛鴦湖自然保留區,2005,Illicium anisatum,白花八角
鴛鴦湖自然保留區,2005,Berberis mingetsensis,眠月小檗
鴛鴦湖自然保留區,2005,Eurya loquaiana,細枝柃木
鴛鴦湖自然保留區,2005,Mecodium polyanthos,細葉蕗蕨
鴛鴦湖自然保留區,2005,Berberis kawakamii,臺灣小檗
鴛鴦湖自然保留區,2005,Chamaecyparis obtusa var. formosana,臺灣扁柏
鴛鴦湖自然保留區,2005,Rhododendron formosanum,臺灣杜鵑
鴛鴦湖自然保留區,2005,Adinandra formosana,臺灣楊桐
鴛鴦湖自然保留區,2005,Dendropanax dentiger,臺灣樹參
鴛鴦湖自然保留區,2005,Symplocos formosana,臺灣灰木
鴛鴦湖自然保留區,2005,Daphne arisanensis,臺灣瑞香
鴛鴦湖自然保留區,2005,Ilex ficoidea,臺灣糊樗
鴛鴦湖自然保留區,2005,Rhus ambigua,臺灣藤漆
鴛鴦湖自然保留區,2005,Tsuga chinensis var. formosana,臺灣鐵杉
鴛鴦湖自然保留區,2005,Rhododendron kawakamii,著生杜鵑
鴛鴦湖自然保留區,2005,Pellionia radicans,赤車使者
鴛鴦湖自然保留區,2005,Rhamnus crenata,鈍齒鼠李
鴛鴦湖自然保留區,2005,Ilex suzukii,鈴木冬青
鴛鴦湖自然保留區,2005,Ilex tugitakayamensis,雪山冬青
鴛鴦湖自然保留區,2005,Vaccinium merrillianum,高山越橘
鴛鴦湖自然保留區,2005,Plagiogyria dunnii,倒葉瘤足蕨
鴛鴦湖自然保留區,2005,Calanthe puberula,反捲根節蘭
鴛鴦湖自然保留區,2005,Schizophragma integrifolium var. fauriei,圓葉鑽地風
鴛鴦湖自然保留區,2005,Hydrangea integrifolia,大枝掛繡球
鴛鴦湖自然保留區,2005,Ilex sugerokii var. brevipedunculata,太平山冬青
鴛鴦湖自然保留區,2005,Prunus matuurae,太平山櫻花
鴛鴦湖自然保留區,2005,Cleyera japonica var. taipinensis,太平紅淡比
鴛鴦湖自然保留區,2005,Asplenium wilfordii,威氏鐵角蕨
鴛鴦湖自然保留區,2005,Ilex lonicerifolia,忍冬葉冬青
鴛鴦湖自然保留區,2005,Symplocos migoi,擬日本灰木
鴛鴦湖自然保留區,2005,Pyrola alboreticulata,斑紋鹿蹄草
鴛鴦湖自然保留區,2005,Ilex hayatana,早田氏冬青
鴛鴦湖自然保留區,2005,Symplocos wikstroemiifolia,月桂葉灰木
鴛鴦湖自然保留區,2005,Viburnum erosum,松田氏莢迷
鴛鴦湖自然保留區,2005,Symplocos stellaris,枇杷葉灰木
鴛鴦湖自然保留區,2005,Rubus liui,柳氏懸鉤子
鴛鴦湖自然保留區,2005,Rhododendron chilanshanense,棲蘭山杜鵑
鴛鴦湖自然保留區,2005,Barthea barthei,深山野牡丹
鴛鴦湖自然保留區,2005,Damnacanthus angustifolius,無刺伏牛花
鴛鴦湖自然保留區,2005,Photinia niitakayamensis,玉山假沙梨
鴛鴦湖自然保留區,2005,Tripterospermum lanceolatum,玉山肺形草
鴛鴦湖自然保留區,2005,Pyrola morrisonensis,玉山鹿蹄草
鴛鴦湖自然保留區,2005,Asplenium normale,生芽鐵角蕨
鴛鴦湖自然保留區,2005,Polypodium argutum,箭葉水龍骨
鴛鴦湖自然保留區,2005,Liriope minor var. angustissima,細葉麥門冬
鴛鴦湖自然保留區,2005,Plagiogyria stenoptera,耳形瘤足蕨
鴛鴦湖自然保留區,2005,Sarcopyramis napalensis var. bodinieri,肉穗野牡丹
鴛鴦湖自然保留區,2005,Pleione bulbocodioides,臺灣一葉蘭
鴛鴦湖自然保留區,2005,Smilax lanceifolia,臺灣土茯苓
鴛鴦湖自然保留區,2005,Plagiogyria formosana,臺灣瘤足蕨
鴛鴦湖自然保留區,2005,Pinus armandii var. mastersiana,臺灣華山松
鴛鴦湖自然保留區,2005,Anoectochilus formosanus,臺灣金線蓮
鴛鴦湖自然保留區,2005,Pieris taiwanensis,臺灣馬醉木
鴛鴦湖自然保留區,2005,Dryopteris formosana,臺灣鱗毛蕨
鴛鴦湖自然保留區,2005,Schefflera taiwaniana,臺灣鵝掌柴
鴛鴦湖自然保留區,2005,Plagiogyria euphlebia,華中瘤足蕨
鴛鴦湖自然保留區,2005,Daphniphyllum himalayense subsp. macropodum,薄葉虎皮楠
鴛鴦湖自然保留區,2005,Elatostema trilobulatum,裂葉樓梯草
鴛鴦湖自然保留區,2005,Rubus corchorifolius,變葉懸鉤子
鴛鴦湖自然保留區,2005,Ardisia pusilla,輪葉紫金牛
鴛鴦湖自然保留區,2005,Huperzia serrata var. longipetiolata,長柄千層塔
鴛鴦湖自然保留區,2005,Litsea acuminata,長葉木薑子
鴛鴦湖自然保留區,2005,Arisaema consanguineum,長行天南星
鴛鴦湖自然保留區,2005,Ophiopogon intermedius,間型沿階草
鴛鴦湖自然保留區,2005,Lonicera acuminata,阿里山忍冬
鴛鴦湖自然保留區,2005,Symplocos arisanensis,阿里山灰木
鴛鴦湖自然保留區,2005,Skimmia arisanensis,阿里山茵芋
鴛鴦湖自然保留區,2005,Smilax arisanensis,阿里山菝葜
鴛鴦湖自然保留區,2005,Blechnum melanopus,雉尾烏毛蕨
鴛鴦湖自然保留區,2005,Litsea elongata var. mushaensis,霧社木薑子
鴛鴦湖自然保留區,2005,Vaccinium kengii,鞍馬山越橘
鴛鴦湖自然保留區,2005,Asarum crassisepalum,鴛鴦湖細辛
鴛鴦湖自然保留區,2005,Shortia rotundifolia,倒卵葉裂緣花
鴛鴦湖自然保留區,2005,Crypsinus echinosporus,大葉玉山茀蕨
鴛鴦湖自然保留區,2005,Parathelypteris glanduligera,密腺副金星蕨
鴛鴦湖自然保留區,2005,Diplazium kawakamii,川上氏雙蓋蕨
鴛鴦湖自然保留區,2005,Arachniodes rhomboidea,斜方複葉耳蕨
鴛鴦湖自然保留區,2005,Araiostegia parvipinnula,臺灣小膜蓋蕨
鴛鴦湖自然保留區,2005,Oxalis acetosella subsp. formosana,臺灣山酢漿草
鴛鴦湖自然保留區,2005,Neolitsea aciculata var. variabillima,變葉新木薑子
鴛鴦湖自然保留區,2005,Polypodium amoenum,阿里山水龍骨
鴛鴦湖自然保留區,2005,Athyrium arisanense,阿里山蹄蓋蕨
鴛鴦湖自然保留區,2005,Neolitsea acuminatissima,高山新木薑子
鴛鴦湖自然保留區,2005,Nertera nigricarpa,黑果深柱夢草
鴛鴦湖自然保留區,2005,Sarcopyramis napalensis var. delicata,東方肉穗野牡丹
烏石鼻海岸自然保留區,2004,Lagerstroemia subcostata,九芎
烏石鼻海岸自然保留區,2004,Cryptocarya concinna,土楠
烏石鼻海岸自然保留區,2004,Arenga tremula,山棕
烏石鼻海岸自然保留區,2004,Elaeocarpus sylvestris,杜英
烏石鼻海岸自然保留區,2004,Cinnamomum camphora,樟樹
烏石鼻海岸自然保留區,2004,Ardisia sieboldii,樹杞
烏石鼻海岸自然保留區,2004,Beilschmiedia erythrophloia,瓊楠
烏石鼻海岸自然保留區,2004,Vandenboschia auriculata,瓶蕨
烏石鼻海岸自然保留區,2004,Dendrobium moniliforme,石斛
烏石鼻海岸自然保留區,2004,Machilus thunbergii,紅楠
烏石鼻海岸自然保留區,2004,Smilax china,菝葜
烏石鼻海岸自然保留區,2004,Ecdysanthera rosea,酸藤
烏石鼻海岸自然保留區,2004,Mallotus japonicus,野桐
烏石鼻海岸自然保留區,2004,Engelhardia roxburghiana,黃杞
烏石鼻海岸自然保留區,2004,Calamus quiquesetinervius,黃藤
烏石鼻海岸自然保留區,2004,Lemmaphyllum microphyllum,伏石蕨
烏石鼻海岸自然保留區,2004,Elatostema lineolatum var. majus,冷清草
烏石鼻海岸自然保留區,2004,Bridelia balansae,刺杜密
烏石鼻海岸自然保留區,2004,Cryptocarya chinensis,厚殼桂
烏石鼻海岸自然保留區,2004,Machilus japonica var. kusanoi,大葉楠
烏石鼻海岸自然保留區,2004,Ficus formosana,天仙果
烏石鼻海岸自然保留區,2004,Alocasia odora,姑婆芋
烏石鼻海岸自然保留區,2004,Alpinia intermedia,山月桃
烏石鼻海岸自然保留區,2004,Maesa japonica,山桂花
烏石鼻海岸自然保留區,2004,Psilotum nudum,松葉蕨
烏石鼻海岸自然保留區,2004,Blastus cochinchinensis,柏拉木
烏石鼻海岸自然保留區,2004,Pothos chinensis,柚葉藤
烏石鼻海岸自然保留區,2004,Sinoadina racemosa,水團花
烏石鼻海岸自然保留區,2004,Wendlandia formosana,水金京
烏石鼻海岸自然保留區,2004,Begonia formosana,水鴨腳
烏石鼻海岸自然保留區,2004,Ficus erecta var. beecheyana,牛奶榕
烏石鼻海岸自然保留區,2004,Sloanea formosana,猴歡喜
烏石鼻海岸自然保留區,2004,Calanthe triplicata,白鶴蘭
烏石鼻海岸自然保留區,2004,Malaisia scandens,盤龍木
烏石鼻海岸自然保留區,2004,Cyathea lepifera,筆筒樹
烏石鼻海岸自然保留區,2004,Ctenitis subglandulosa,肋毛蕨
烏石鼻海岸自然保留區,2004,Bauhinia championii,菊花木
烏石鼻海岸自然保留區,2004,Hydrangea chinensis,華八仙
烏石鼻海岸自然保留區,2004,Ophiorrhiza japonica,蛇根草
烏石鼻海岸自然保留區,2004,Ficus fistulosa,豬母乳
烏石鼻海岸自然保留區,2004,Archidendron lucidum,頷垂豆
烏石鼻海岸自然保留區,2004,Schefflera octophylla,鵝掌柴
烏石鼻海岸自然保留區,2004,Liriope spicata,麥門冬
烏石鼻海岸自然保留區,2004,Litsea hypophaea,黃肉樹
烏石鼻海岸自然保留區,2004,Modecca formosana,假西番蓮
烏石鼻海岸自然保留區,2004,Selaginella delicatula,全緣卷柏
烏石鼻海岸自然保留區,2004,Itea parviflora,小花鼠刺
烏石鼻海岸自然保留區,2004,Microsorum buergerianum,波氏星蕨
烏石鼻海岸自然保留區,2004,Rhomboda tokioi,白點伴蘭
烏石鼻海岸自然保留區,2004,Camellia tenuifolia,細葉山茶
烏石鼻海岸自然保留區,2004,Uncaria hirsuta,臺灣鉤藤
烏石鼻海岸自然保留區,2004,Hymenophyllum barbatum,華東膜蕨
烏石鼻海岸自然保留區,2004,Colysis wrightii,萊氏線蕨
烏石鼻海岸自然保留區,2004,Piper sintenense,薄葉風藤
烏石鼻海岸自然保留區,2004,Angiopteris lygodiifolia,觀音座蓮
烏石鼻海岸自然保留區,2004,Pellionia radicans,赤車使者
烏石鼻海岸自然保留區,2004,Oreocnide pedunculata,長梗紫麻
烏石鼻海岸自然保留區,2004,Turpinia ternata,三葉山香圓
烏石鼻海岸自然保留區,2004,Pteris fauriei,傅氏鳳尾蕨
烏石鼻海岸自然保留區,2004,Asplenium excisum,剪葉鐵角蕨
烏石鼻海岸自然保留區,2004,Asplenium australasicum,南洋山蘇花
烏石鼻海岸自然保留區,2004,Lithocarpus konishii,小西氏石櫟
烏石鼻海岸自然保留區,2004,Diplazium doederleinii,德氏雙蓋蕨
烏石鼻海岸自然保留區,2004,Athyrium japonicum,東洋蹄蓋蕨
烏石鼻海岸自然保留區,2004,Pilea matsudai,細尾冷水麻
烏石鼻海岸自然保留區,2004,Cyclosorus taiwanensis,臺灣圓腺蕨
烏石鼻海岸自然保留區,2004,Maesa perlaria var. formosana,臺灣山桂花
烏石鼻海岸自然保留區,2004,Tetrastigma umbellatum,臺灣崖爬藤
烏石鼻海岸自然保留區,2004,Malaxis bancanoides,裂唇軟葉蘭
烏石鼻海岸自然保留區,2004,Clematis henryi,亨利氏鐵線蓮
烏石鼻海岸自然保留區,2004,Arachniodes pseudoaristata,小葉複葉耳蕨
烏石鼻海岸自然保留區,2004,Liparis sootenzanensis,插天山羊耳蒜
烏石鼻海岸自然保留區,2004,Rhynchotechum discolor,異色線柱苣苔
烏石鼻海岸自然保留區,2004,Arachniodes aristata,細葉複葉耳蕨
烏石鼻海岸自然保留區,2004,Hemiboea bicornuta,臺灣半蒴苣苔
烏石鼻海岸自然保留區,2004,Diplazium dilatatum,廣葉鋸齒雙蓋蕨
烏石鼻海岸自然保留區,2007,Miscanthus sinensis,芒
烏石鼻海岸自然保留區,2007,Nephrolepis auriculata,腎蕨
烏石鼻海岸自然保留區,2007,Dianella ensifolia,桔梗蘭
烏石鼻海岸自然保留區,2007,Aster hispidus,狗娃花
烏石鼻海岸自然保留區,2007,Hedyotis strigulosa var. parvifolia,脈耳草
烏石鼻海岸自然保留區,2007,Dodonaea viscosa,車桑子
烏石鼻海岸自然保留區,2007,Wikstroemia indica,南嶺蕘花
烏石鼻海岸自然保留區,2007,Arundo formosana,臺灣蘆竹
烏石鼻海岸自然保留區,2007,Crepidiastrum lanceolatum,細葉假黃鵪菜
南澳闊葉樹林自然保留區,2006,Hypolepis punctata,姬蕨
南澳闊葉樹林自然保留區,2006,Myrica rubra,楊梅
南澳闊葉樹林自然保留區,2006,Lepisorus thunbergianus,瓦葦
南澳闊葉樹林自然保留區,2006,Vandenboschia auriculata,瓶蕨
南澳闊葉樹林自然保留區,2006,Stauntonia obovatifoliola,石月
南澳闊葉樹林自然保留區,2006,Pyrrosia lingua,石葦
南澳闊葉樹林自然保留區,2006,Machilus thunbergii,紅楠
南澳闊葉樹林自然保留區,2006,Elaeocarpus japonicus,薯豆
南澳闊葉樹林自然保留區,2006,Cayratia japonica,虎葛
南澳闊葉樹林自然保留區,2006,Piper kadsura,風藤
南澳闊葉樹林自然保留區,2006,Engelhardia roxburghiana,黃杞
南澳闊葉樹林自然保留區,2006,Damnacanthus indicus,伏牛花
南澳闊葉樹林自然保留區,2006,Lemmaphyllum microphyllum,伏石蕨
南澳闊葉樹林自然保留區,2006,Eurya crenatifolia,假柃木
南澳闊葉樹林自然保留區,2006,Lindera akoensis,內苳子
南澳闊葉樹林自然保留區,2006,Cryptocarya chinensis,厚殼桂
南澳闊葉樹林自然保留區,2006,Myrsine seguinii,大明橘
南澳闊葉樹林自然保留區,2006,Alpinia intermedia,山月桃
南澳闊葉樹林自然保留區,2006,Maesa japonica,山桂花
南澳闊葉樹林自然保留區,2006,Asplenium antiquum,山蘇花
南澳闊葉樹林自然保留區,2006,Tricalysia dubia,狗骨仔
南澳闊葉樹林自然保留區,2006,Monachosorum henryi,稀子蕨
南澳闊葉樹林自然保留區,2006,Oplismenus compositus,竹葉草
南澳闊葉樹林自然保留區,2006,Pericampylus formosanus,蓬萊藤
南澳闊葉樹林自然保留區,2006,Quercus longinux,錐果櫟
南澳闊葉樹林自然保留區,2006,Pileostegia viburnoides,青棉花
南澳闊葉樹林自然保留區,2006,Cyathea podophylla,鬼桫欏
南澳闊葉樹林自然保留區,2006,Acrophorus stipellatus,魚鱗蕨
南澳闊葉樹林自然保留區,2006,Carex perakensis,黃穗薹
南澳闊葉樹林自然保留區,2006,Rubus pectinellus,刺萼寒莓
南澳闊葉樹林自然保留區,2006,Ilex goshiensis,圓葉冬青
南澳闊葉樹林自然保留區,2006,Prunus phaeosticta,墨點櫻桃
南澳闊葉樹林自然保留區,2006,Osmanthus matsumuranus,大葉木犀
南澳闊葉樹林自然保留區,2006,Microsorum buergerianum,波氏星蕨
南澳闊葉樹林自然保留區,2006,Symplocos morrisonicola,玉山灰木
南澳闊葉樹林自然保留區,2006,Selaginella doederleinii,生根卷柏
南澳闊葉樹林自然保留區,2006,Eurya loquaiana,細枝柃木
南澳闊葉樹林自然保留區,2006,Trachelospermum gracilipes,細梗絡石
南澳闊葉樹林自然保留區,2006,Mecodium polyanthos,細葉蕗蕨
南澳闊葉樹林自然保留區,2006,Viola formosana,臺灣堇菜
南澳闊葉樹林自然保留區,2006,Pasania synbalanos,菱果石櫟
南澳闊葉樹林自然保留區,2006,Embelia laeta var. papilligera,藤毛木槲
南澳闊葉樹林自然保留區,2006,Pellionia radicans,赤車使者
南澳闊葉樹林自然保留區,2006,Liparis bootanensis,一葉羊耳蒜
南澳闊葉樹林自然保留區,2006,Plagiogyria dunnii,倒葉瘤足蕨
南澳闊葉樹林自然保留區,2006,Symplocos konishii,小西氏灰木
南澳闊葉樹林自然保留區,2006,Lithocarpus konishii,小西氏石櫟
南澳闊葉樹林自然保留區,2006,Ardisia brevicaulis,屯鹿紫金牛
南澳闊葉樹林自然保留區,2006,Ilex hayatana,早田氏冬青
南澳闊葉樹林自然保留區,2006,Smilax hayatae,早田氏菝葜
南澳闊葉樹林自然保留區,2006,Symplocos wikstroemiifolia,月桂葉灰木
南澳闊葉樹林自然保留區,2006,Mussaenda pubescens,毛玉葉金花
南澳闊葉樹林自然保留區,2006,Davallia mariesii,海州骨碎補
南澳闊葉樹林自然保留區,2006,Hylodesmum laterale,琉球山螞蝗
南澳闊葉樹林自然保留區,2006,Lasianthus fordii,琉球雞屎樹
南澳闊葉樹林自然保留區,2006,Calanthe densiflora,竹葉根節蘭
南澳闊葉樹林自然保留區,2006,Polypodium argutum,箭葉水龍骨
南澳闊葉樹林自然保留區,2006,Bulbophyllum melanoglossum,紫紋捲瓣蘭
南澳闊葉樹林自然保留區,2006,Calanthe aristulifera,翹距根節蘭
南澳闊葉樹林自然保留區,2006,Smilax lanceifolia,臺灣土茯苓
南澳闊葉樹林自然保留區,2006,Tetrastigma umbellatum,臺灣崖爬藤
南澳闊葉樹林自然保留區,2006,Sabia swinhoei,臺灣清風藤
南澳闊葉樹林自然保留區,2006,Dryopteris formosana,臺灣鱗毛蕨
南澳闊葉樹林自然保留區,2006,Plagiogyria euphlebia,華中瘤足蕨
南澳闊葉樹林自然保留區,2006,Rubus corchorifolius,變葉懸鉤子
南澳闊葉樹林自然保留區,2006,Castanopsis cuspidata var. carlesii,長尾尖葉櫧
南澳闊葉樹林自然保留區,2006,Pteris bella,長柄鳳尾蕨
南澳闊葉樹林自然保留區,2006,Litsea acuminata,長葉木薑子
南澳闊葉樹林自然保留區,2006,Calanthe sylvatica,長距根節蘭
南澳闊葉樹林自然保留區,2006,Cephalantheropsis gracilis,綠花肖頭蕊蘭
南澳闊葉樹林自然保留區,2006,Neolitsea aciculata var. variabillima,變葉新木薑子
南澳闊葉樹林自然保留區,2006,Carex arisanensis,阿里山疏花薹
南澳闊葉樹林自然保留區,2006,Diplazium petrii,廣葉深山雙蓋蕨
南澳闊葉樹林自然保留區,2006,Diplazium dilatatum,廣葉鋸齒雙蓋蕨
南澳闊葉樹林自然保留區,2006,Acrorumohra diffracta,彎柄假複葉耳蕨
南澳闊葉樹林自然保留區,2006,Sarcopyramis napalensis var. delicata,東方肉穗野牡丹
台東紅葉村台東蘇鐵自然保留區,2006,Zelkova serrata,櫸
台東紅葉村台東蘇鐵自然保留區,2006,Lagerstroemia subcostata,九芎
台東紅葉村台東蘇鐵自然保留區,2006,Melodinus angustifolius,山橙
台東紅葉村台東蘇鐵自然保留區,2006,Murraya paniculata,月橘
台東紅葉村台東蘇鐵自然保留區,2006,Nephrolepis auriculata,腎蕨
台東紅葉村台東蘇鐵自然保留區,2006,Psychotria rubra,九節木
台東紅葉村台東蘇鐵自然保留區,2006,Miscanthus floridulus,五節芒
台東紅葉村台東蘇鐵自然保留區,2006,Kalanchoe spathulata,倒吊蓮
台東紅葉村台東蘇鐵自然保留區,2006,Desmodium heterocarpon,假地豆
台東紅葉村台東蘇鐵自然保留區,2006,Trichodesma calycosum,假酸漿
台東紅葉村台東蘇鐵自然保留區,2006,Microstegium ciliatum,剛莠竹
台東紅葉村台東蘇鐵自然保留區,2006,Peracarpa carnosa,山桔梗
台東紅葉村台東蘇鐵自然保留區,2006,Paraboea swinhoei,旋莢木
台東紅葉村台東蘇鐵自然保留區,2006,Spiraea prunifolia var. pseudoprunifolia,笑靨花
台東紅葉村台東蘇鐵自然保留區,2006,Selaginella tamariscina,萬年松
台東紅葉村台東蘇鐵自然保留區,2006,Dodonaea viscosa,車桑子
台東紅葉村台東蘇鐵自然保留區,2006,Lespedeza cuneata,鐵掃帚
台東紅葉村台東蘇鐵自然保留區,2006,Sageretia thea,雀梅藤
台東紅葉村台東蘇鐵自然保留區,2006,Quercus glauca,青剛櫟
台東紅葉村台東蘇鐵自然保留區,2006,Litsea hypophaea,黃肉樹
台東紅葉村台東蘇鐵自然保留區,2006,Derris laxiflora,疏花魚藤
台東紅葉村台東蘇鐵自然保留區,2006,Cycas taitungensis,臺東蘇鐵
台東紅葉村台東蘇鐵自然保留區,2006,Arundo formosana,臺灣蘆竹
台東紅葉村台東蘇鐵自然保留區,2006,Tetrastigma formosanum,三葉崖爬藤
台東紅葉村台東蘇鐵自然保留區,2006,Onychium japonicum,日本金粉蕨
台東紅葉村台東蘇鐵自然保留區,2006,Glochidion rubrum,細葉饅頭果
台東紅葉村台東蘇鐵自然保留區,2006,Rubus formosensis,臺灣懸鉤子
台東紅葉村台東蘇鐵自然保留區,2006,Asplenium adiantoides,革葉鐵角蕨
台東紅葉村台東蘇鐵自然保留區,2006,Gynura japonica,黃花三七草
大武事業區台灣穗花杉自然保留區,2004,Histiopteris incisa,栗蕨
大武事業區台灣穗花杉自然保留區,2004,Myrica rubra,楊梅
大武事業區台灣穗花杉自然保留區,2004,Machilus thunbergii,紅楠
大武事業區台灣穗花杉自然保留區,2004,Smilax china,菝葜
大武事業區台灣穗花杉自然保留區,2004,Elaeocarpus japonicus,薯豆
大武事業區台灣穗花杉自然保留區,2004,Damnacanthus indicus,伏牛花
大武事業區台灣穗花杉自然保留區,2004,Ternstroemia gymnanthera,厚皮香
大武事業區台灣穗花杉自然保留區,2004,Symplocos glauca,山羊耳
大武事業區台灣穗花杉自然保留區,2004,Trochodendron aralioides,昆欄樹
大武事業區台灣穗花杉自然保留區,2004,Carex morii,森氏薹
大武事業區台灣穗花杉自然保留區,2004,Quercus sessilifolia,毽子櫟
大武事業區台灣穗花杉自然保留區,2004,Lophatherum gracile,淡竹葉
大武事業區台灣穗花杉自然保留區,2004,Vaccinium dunalianum var. caudatifolium,珍珠花
大武事業區台灣穗花杉自然保留區,2004,Monachosorum henryi,稀子蕨
大武事業區台灣穗花杉自然保留區,2004,Cleyera japonica,紅淡比
大武事業區台灣穗花杉自然保留區,2004,Ardisia cornudentata,雨傘仔
大武事業區台灣穗花杉自然保留區,2004,Asarum hypogynum,下花細辛
大武事業區台灣穗花杉自然保留區,2004,Machilus japonica,假長葉楠
大武事業區台灣穗花杉自然保留區,2004,Cyathea loheri,南洋桫欏
大武事業區台灣穗花杉自然保留區,2004,Ilex goshiensis,圓葉冬青
大武事業區台灣穗花杉自然保留區,2004,Prunus phaeosticta,墨點櫻桃
大武事業區台灣穗花杉自然保留區,2004,Osmanthus matsumuranus,大葉木犀
大武事業區台灣穗花杉自然保留區,2004,Itea parviflora,小花鼠刺
大武事業區台灣穗花杉自然保留區,2004,Symplocos modesta,小葉白筆
大武事業區台灣穗花杉自然保留區,2004,Bredia gibba,小金石榴
大武事業區台灣穗花杉自然保留區,2004,Callicarpa randaiensis,巒大紫珠
大武事業區台灣穗花杉自然保留區,2004,Ligustrum liukiuense,日本女貞
大武事業區台灣穗花杉自然保留區,2004,Strobilanthes flexicaulis,曲莖馬藍
大武事業區台灣穗花杉自然保留區,2004,Skimmia reevesiana,深紅茵芋
大武事業區台灣穗花杉自然保留區,2004,Polygonum chinense,火炭母草
大武事業區台灣穗花杉自然保留區,2004,Ilex uraiensis,烏來冬青
大武事業區台灣穗花杉自然保留區,2004,Symplocos morrisonicola,玉山灰木
大武事業區台灣穗花杉自然保留區,2004,Selaginella doederleinii,生根卷柏
大武事業區台灣穗花杉自然保留區,2004,Eurya loquaiana,細枝柃木
大武事業區台灣穗花杉自然保留區,2004,Adinandra formosana,臺灣楊桐
大武事業區台灣穗花杉自然保留區,2004,Dendropanax dentiger,臺灣樹參
大武事業區台灣穗花杉自然保留區,2004,Cinnamomum insularimontanum,臺灣肉桂
大武事業區台灣穗花杉自然保留區,2004,Strobilanthes formosanus,臺灣馬藍
大武事業區台灣穗花杉自然保留區,2004,Eurya leptophylla,薄葉柃木
大武事業區台灣穗花杉自然保留區,2004,Embelia laeta var. papilligera,藤毛木槲
大武事業區台灣穗花杉自然保留區,2004,Strobilanthes rankanensis,蘭崁馬藍
大武事業區台灣穗花杉自然保留區,2004,Pellionia radicans,赤車使者
大武事業區台灣穗花杉自然保留區,2004,Drypetes karapinensis,交力坪鐵色
大武事業區台灣穗花杉自然保留區,2004,Scutellaria austrotaiwanensis,南臺灣黃芩
大武事業區台灣穗花杉自然保留區,2004,Acrophorus macrocarpus,大孢魚鱗蕨
大武事業區台灣穗花杉自然保留區,2004,Lithocarpus konishii,小西氏石櫟
大武事業區台灣穗花杉自然保留區,2004,Microtropis japonica,日本賽衛矛
大武事業區台灣穗花杉自然保留區,2004,Alpinia pricei,普來氏月桃
大武事業區台灣穗花杉自然保留區,2004,Mussaenda pubescens,毛玉葉金花
大武事業區台灣穗花杉自然保留區,2004,Barthea barthei,深山野牡丹
大武事業區台灣穗花杉自然保留區,2004,Hydrangea angustipetala,狹瓣八仙花
大武事業區台灣穗花杉自然保留區,2004,Lasianthus fordii,琉球雞屎樹
大武事業區台灣穗花杉自然保留區,2004,Calanthe densiflora,竹葉根節蘭
大武事業區台灣穗花杉自然保留區,2004,Plagiogyria stenoptera,耳形瘤足蕨
大武事業區台灣穗花杉自然保留區,2004,Litsea lii var. nunkaotahangensis,能漢木薑子
大武事業區台灣穗花杉自然保留區,2004,Smilax lanceifolia,臺灣土茯苓
大武事業區台灣穗花杉自然保留區,2004,Tripterospermum taiwanense,臺灣肺形草
大武事業區台灣穗花杉自然保留區,2004,Plagiogyria euphlebia,華中瘤足蕨
大武事業區台灣穗花杉自然保留區,2004,Viburnum arboricolum,著生珊瑚樹
大武事業區台灣穗花杉自然保留區,2004,Elatostema trilobulatum,裂葉樓梯草
大武事業區台灣穗花杉自然保留區,2004,Rubus corchorifolius,變葉懸鉤子
大武事業區台灣穗花杉自然保留區,2004,Castanopsis cuspidata var. carlesii,長尾尖葉櫧
大武事業區台灣穗花杉自然保留區,2004,Litsea acuminata,長葉木薑子
大武事業區台灣穗花杉自然保留區,2004,Lonicera acuminata,阿里山忍冬
大武事業區台灣穗花杉自然保留區,2004,Diplazium kawakamii,川上氏雙蓋蕨
大武事業區台灣穗花杉自然保留區,2004,Diplazium pseudodoederleinii,擬德氏雙蓋蕨
大武事業區台灣穗花杉自然保留區,2004,Ophiorrhiza hayatana,早田氏蛇根草
大武事業區台灣穗花杉自然保留區,2004,Arachniodes aristata,細葉複葉耳蕨
大武事業區台灣穗花杉自然保留區,2004,Fatsia polycarpa,臺灣八角金盤
大武事業區台灣穗花杉自然保留區,2004,Neolitsea aciculata var. variabillima,變葉新木薑子
大武事業區台灣穗花杉自然保留區,2004,Asplenium cheilosorum,薄葉孔雀鐵角蕨
大武事業區台灣穗花杉自然保留區,2004,Salvia arisanensis,阿里山紫花鼠尾草
大武事業區台灣穗花杉自然保留區,2005,Debregeasia orientalis,水麻
大武事業區台灣穗花杉自然保留區,2005,Beilschmiedia erythrophloia,瓊楠
大武事業區台灣穗花杉自然保留區,2005,Vandenboschia auriculata,瓶蕨
大武事業區台灣穗花杉自然保留區,2005,Pyrrosia lingua,石葦
大武事業區台灣穗花杉自然保留區,2005,Machilus thunbergii,紅楠
大武事業區台灣穗花杉自然保留區,2005,Nephrolepis auriculata,腎蕨
大武事業區台灣穗花杉自然保留區,2005,Leptochilus decurrens,萊蕨
大武事業區台灣穗花杉自然保留區,2005,Ctenopteris curtisii,蒿蕨
大武事業區台灣穗花杉自然保留區,2005,Lycianthes lysimachioides,蔓茄
大武事業區台灣穗花杉自然保留區,2005,Mecodium badium,蕗蕨
大武事業區台灣穗花杉自然保留區,2005,Elaeocarpus japonicus,薯豆
大武事業區台灣穗花杉自然保留區,2005,Piper kadsura,風藤
大武事業區台灣穗花杉自然保留區,2005,Engelhardia roxburghiana,黃杞
大武事業區台灣穗花杉自然保留區,2005,Lemmaphyllum microphyllum,伏石蕨
大武事業區台灣穗花杉自然保留區,2005,Alniphyllum pterospermum,假赤楊
大武事業區台灣穗花杉自然保留區,2005,Elatostema lineolatum var. majus,冷清草
大武事業區台灣穗花杉自然保留區,2005,Ternstroemia gymnanthera,厚皮香
大武事業區台灣穗花杉自然保留區,2005,Machilus japonica var. kusanoi,大葉楠
大武事業區台灣穗花杉自然保留區,2005,Gordonia axillaris,大頭茶
大武事業區台灣穗花杉自然保留區,2005,Eriobotrya deflexa,山枇杷
大武事業區台灣穗花杉自然保留區,2005,Peracarpa carnosa,山桔梗
大武事業區台灣穗花杉自然保留區,2005,Asplenium antiquum,山蘇花
大武事業區台灣穗花杉自然保留區,2005,Turpinia formosana,山香圓
大武事業區台灣穗花杉自然保留區,2005,Trochodendron aralioides,昆欄樹
大武事業區台灣穗花杉自然保留區,2005,Procris laevigata,烏來麻
大武事業區台灣穗花杉自然保留區,2005,Vaccinium dunalianum var. caudatifolium,珍珠花
大武事業區台灣穗花杉自然保留區,2005,Ficus sarmentosa var. nipponica,珍珠蓮
大武事業區台灣穗花杉自然保留區,2005,Lysionotus pauciflorus,石吊蘭
大武事業區台灣穗花杉自然保留區,2005,Monachosorum henryi,稀子蕨
大武事業區台灣穗花杉自然保留區,2005,Amischotolype hispida,穿鞘花
大武事業區台灣穗花杉自然保留區,2005,Cyathea lepifera,筆筒樹
大武事業區台灣穗花杉自然保留區,2005,Cleyera japonica,紅淡比
大武事業區台灣穗花杉自然保留區,2005,Arthromeris lehmannii,肢節蕨
大武事業區台灣穗花杉自然保留區,2005,Quercus longinux,錐果櫟
大武事業區台灣穗花杉自然保留區,2005,Ardisia cornudentata,雨傘仔
大武事業區台灣穗花杉自然保留區,2005,Pileostegia viburnoides,青棉花
大武事業區台灣穗花杉自然保留區,2005,Lemmaphyllum diversum,骨牌蕨
大武事業區台灣穗花杉自然保留區,2005,Cyathea podophylla,鬼桫欏
大武事業區台灣穗花杉自然保留區,2005,Acrophorus stipellatus,魚鱗蕨
大武事業區台灣穗花杉自然保留區,2005,Schefflera octophylla,鵝掌柴
大武事業區台灣穗花杉自然保留區,2005,Tetrastigma bioritsense,三腳虌草
大武事業區台灣穗花杉自然保留區,2005,Asarum hypogynum,下花細辛
大武事業區台灣穗花杉自然保留區,2005,Machilus japonica,假長葉楠
大武事業區台灣穗花杉自然保留區,2005,Ilex goshiensis,圓葉冬青
大武事業區台灣穗花杉自然保留區,2005,Prunus phaeosticta,墨點櫻桃
大武事業區台灣穗花杉自然保留區,2005,Deutzia pulchra,大葉溲疏
大武事業區台灣穗花杉自然保留區,2005,Lithocarpus kawakamii,大葉石櫟
大武事業區台灣穗花杉自然保留區,2005,Vittaria anguste-elongata,姬書帶蕨
大武事業區台灣穗花杉自然保留區,2005,Itea parviflora,小花鼠刺
大武事業區台灣穗花杉自然保留區,2005,Symplocos modesta,小葉白筆
大武事業區台灣穗花杉自然保留區,2005,Machilus konishii,小西氏楠
大武事業區台灣穗花杉自然保留區,2005,Callicarpa randaiensis,巒大紫珠
大武事業區台灣穗花杉自然保留區,2005,Strobilanthes flexicaulis,曲莖馬藍
大武事業區台灣穗花杉自然保留區,2005,Microsorum buergerianum,波氏星蕨
大武事業區台灣穗花杉自然保留區,2005,Schima superba var. kankaoensis,港口木荷
大武事業區台灣穗花杉自然保留區,2005,Polygonum chinense,火炭母草
大武事業區台灣穗花杉自然保留區,2005,Huperzia fordii,福氏石松
大武事業區台灣穗花杉自然保留區,2005,Eurya strigillosa,粗毛柃木
大武事業區台灣穗花杉自然保留區,2005,Smilax bracteata var. verruculosa,糙莖菝葜
大武事業區台灣穗花杉自然保留區,2005,Castanopsis kusanoi,細刺苦櫧
大武事業區台灣穗花杉自然保留區,2005,Eurya loquaiana,細枝柃木
大武事業區台灣穗花杉自然保留區,2005,Mecodium polyanthos,細葉蕗蕨
大武事業區台灣穗花杉自然保留區,2005,Dendropanax dentiger,臺灣樹參
大武事業區台灣穗花杉自然保留區,2005,Hymenophyllum devolii,臺灣膜蕨
大武事業區台灣穗花杉自然保留區,2005,Alnus formosana,臺灣赤楊
大武事業區台灣穗花杉自然保留區,2005,Gomphostemma callicarpoides,臺灣錐花
大武事業區台灣穗花杉自然保留區,2005,Scutellaria taiwanensis,臺灣黃芩
大武事業區台灣穗花杉自然保留區,2005,Aeschynanthus acuminatus,芒毛苣苔
大武事業區台灣穗花杉自然保留區,2005,Coniogramme intermedia,華鳳ㄚ蕨
大武事業區台灣穗花杉自然保留區,2005,Pellionia radicans,赤車使者
大武事業區台灣穗花杉自然保留區,2005,Oreocnide pedunculata,長梗紫麻
大武事業區台灣穗花杉自然保留區,2005,Polystichum hancockii,韓氏耳蕨
大武事業區台灣穗花杉自然保留區,2005,Drypetes karapinensis,交力坪鐵色
大武事業區台灣穗花杉自然保留區,2005,Tropidia curculigoides,仙茅摺唇蘭
大武事業區台灣穗花杉自然保留區,2005,Lasianthus wallichii,圓葉雞屎樹
大武事業區台灣穗花杉自然保留區,2005,Asplenium wilfordii,威氏鐵角蕨
大武事業區台灣穗花杉自然保留區,2005,Lithocarpus konishii,小西氏石櫟
大武事業區台灣穗花杉自然保留區,2005,Clematis akoensis,屏東鐵線蓮
大武事業區台灣穗花杉自然保留區,2005,Lithocarpus corneus,後大埔石櫟
大武事業區台灣穗花杉自然保留區,2005,Diplazium doederleinii,德氏雙蓋蕨
大武事業區台灣穗花杉自然保留區,2005,Ehretia resinosa,恆春厚殼樹
大武事業區台灣穗花杉自然保留區,2005,Alpinia pricei,普來氏月桃
大武事業區台灣穗花杉自然保留區,2005,Symplocos stellaris,枇杷葉灰木
大武事業區台灣穗花杉自然保留區,2005,Symplocos congesta,楊桐葉灰木
大武事業區台灣穗花杉自然保留區,2005,Mussaenda pubescens,毛玉葉金花
大武事業區台灣穗花杉自然保留區,2005,Callicarpa hypoleucophylla,灰背葉紫珠
大武事業區台灣穗花杉自然保留區,2005,Hydrangea angustipetala,狹瓣八仙花
大武事業區台灣穗花杉自然保留區,2005,Litsea akoensis var. sasakii,狹葉木薑子
大武事業區台灣穗花杉自然保留區,2005,Lasianthus fordii,琉球雞屎樹
大武事業區台灣穗花杉自然保留區,2005,Pilea aquarum subsp. brevicornuta,短角冷水麻
大武事業區台灣穗花杉自然保留區,2005,Glochidion rubrum,細葉饅頭果
大武事業區台灣穗花杉自然保留區,2005,Crepidomanes latealatum,翅柄假脈蕨
大武事業區台灣穗花杉自然保留區,2005,Pachycentria formosana,臺灣厚距花
大武事業區台灣穗花杉自然保留區,2005,Maesa perlaria var. formosana,臺灣山桂花
大武事業區台灣穗花杉自然保留區,2005,Asplenium nidus,臺灣山蘇花
大武事業區台灣穗花杉自然保留區,2005,Tetrastigma umbellatum,臺灣崖爬藤
大武事業區台灣穗花杉自然保留區,2005,Polypodium formosanum,臺灣水龍骨
大武事業區台灣穗花杉自然保留區,2005,Anoectochilus formosanus,臺灣金線蓮
大武事業區台灣穗花杉自然保留區,2005,Litsea acutivena,銳脈木薑子
大武事業區台灣穗花杉自然保留區,2005,Castanopsis cuspidata var. carlesii,長尾尖葉櫧
大武事業區台灣穗花杉自然保留區,2005,Litsea acuminata,長葉木薑子
大武事業區台灣穗花杉自然保留區,2005,Liparis nakaharae,長葉羊耳蒜
大武事業區台灣穗花杉自然保留區,2005,Ardisia virens,黑星紫金牛
大武事業區台灣穗花杉自然保留區,2005,Arachniodes rhomboidea var. yakusimensis,屋久複葉耳蕨
大武事業區台灣穗花杉自然保留區,2005,Elatostema strigillosum,微粗毛樓梯草
大武事業區台灣穗花杉自然保留區,2005,Diplazium pseudodoederleinii,擬德氏雙蓋蕨
大武事業區台灣穗花杉自然保留區,2005,Humata griffithiana,杯狀蓋陰石蕨
大武事業區台灣穗花杉自然保留區,2005,Fatsia polycarpa,臺灣八角金盤
大武事業區台灣穗花杉自然保留區,2005,Hemiboea bicornuta,臺灣半蒴苣苔
大武事業區台灣穗花杉自然保留區,2005,Diplazium dilatatum,廣葉鋸齒雙蓋蕨
